,Time_id,The_date,The_day,The_month,The_year
0,20230101,2023-01-01,01,01,2023
1,20230102,2023-01-02,02,01,2023
2,20230103,2023-01-03,03,01,2023
3,20230104,2023-01-04,04,01,2023
4,20230105,2023-01-05,05,01,2023
5,20230106,2023-01-06,06,01,2023
6,20230107,2023-01-07,07,01,2023
7,20230108,2023-01-08,08,01,2023
8,20230109,2023-01-09,09,01,2023
9,20230110,2023-01-10,10,01,2023
10,20230111,2023-01-11,11,01,2023
11,20230112,2023-01-12,12,01,2023
12,20230113,2023-01-13,13,01,2023
13,20230114,2023-01-14,14,01,2023
14,20230115,2023-01-15,15,01,2023
15,20230116,2023-01-16,16,01,2023
16,20230117,2023-01-17,17,01,2023
17,20230118,2023-01-18,18,01,2023
18,20230119,2023-01-19,19,01,2023
19,20230120,2023-01-20,20,01,2023
20,20230121,2023-01-21,21,01,2023
21,20230122,2023-01-22,22,01,2023
22,20230123,2023-01-23,23,01,2023
23,20230124,2023-01-24,24,01,2023
24,20230125,2023-01-25,25,01,2023
25,20230126,2023-01-26,26,01,2023
26,20230127,2023-01-27,27,01,2023
27,20230128,2023-01-28,28,01,2023
28,20230129,2023-01-29,29,01,2023
29,20230130,2023-01-30,30,01,2023
30,20230131,2023-01-31,31,01,2023
31,20230201,2023-02-01,01,02,2023
32,20230202,2023-02-02,02,02,2023
33,20230203,2023-02-03,03,02,2023
34,20230204,2023-02-04,04,02,2023
35,20230205,2023-02-05,05,02,2023
36,20230206,2023-02-06,06,02,2023
37,20230207,2023-02-07,07,02,2023
38,20230208,2023-02-08,08,02,2023
39,20230209,2023-02-09,09,02,2023
40,20230210,2023-02-10,10,02,2023
41,20230211,2023-02-11,11,02,2023
42,20230212,2023-02-12,12,02,2023
43,20230213,2023-02-13,13,02,2023
44,20230214,2023-02-14,14,02,2023
45,20230215,2023-02-15,15,02,2023
46,20230216,2023-02-16,16,02,2023
47,20230217,2023-02-17,17,02,2023
48,20230218,2023-02-18,18,02,2023
49,20230219,2023-02-19,19,02,2023
50,20230220,2023-02-20,20,02,2023
51,20230221,2023-02-21,21,02,2023
52,20230222,2023-02-22,22,02,2023
53,20230223,2023-02-23,23,02,2023
54,20230224,2023-02-24,24,02,2023
55,20230225,2023-02-25,25,02,2023
56,20230226,2023-02-26,26,02,2023
57,20230227,2023-02-27,27,02,2023
58,20230228,2023-02-28,28,02,2023
59,20230301,2023-03-01,01,03,2023
60,20230302,2023-03-02,02,03,2023
61,20230303,2023-03-03,03,03,2023
62,20230304,2023-03-04,04,03,2023
63,20230305,2023-03-05,05,03,2023
64,20230306,2023-03-06,06,03,2023
65,20230307,2023-03-07,07,03,2023
66,20230308,2023-03-08,08,03,2023
67,20230309,2023-03-09,09,03,2023
68,20230310,2023-03-10,10,03,2023
69,20230311,2023-03-11,11,03,2023
70,20230312,2023-03-12,12,03,2023
71,20230313,2023-03-13,13,03,2023
72,20230314,2023-03-14,14,03,2023
73,20230315,2023-03-15,15,03,2023
74,20230316,2023-03-16,16,03,2023
75,20230317,2023-03-17,17,03,2023
76,20230318,2023-03-18,18,03,2023
77,20230319,2023-03-19,19,03,2023
78,20230320,2023-03-20,20,03,2023
79,20230321,2023-03-21,21,03,2023
80,20230322,2023-03-22,22,03,2023
81,20230323,2023-03-23,23,03,2023
82,20230324,2023-03-24,24,03,2023
83,20230325,2023-03-25,25,03,2023
84,20230326,2023-03-26,26,03,2023
85,20230327,2023-03-27,27,03,2023
86,20230328,2023-03-28,28,03,2023
87,20230329,2023-03-29,29,03,2023
88,20230330,2023-03-30,30,03,2023
89,20230331,2023-03-31,31,03,2023
90,20230401,2023-04-01,01,04,2023
91,20230402,2023-04-02,02,04,2023
92,20230403,2023-04-03,03,04,2023
93,20230404,2023-04-04,04,04,2023
94,20230405,2023-04-05,05,04,2023
95,20230406,2023-04-06,06,04,2023
96,20230407,2023-04-07,07,04,2023
97,20230408,2023-04-08,08,04,2023
98,20230409,2023-04-09,09,04,2023
99,20230410,2023-04-10,10,04,2023
100,20230411,2023-04-11,11,04,2023
101,20230412,2023-04-12,12,04,2023
102,20230413,2023-04-13,13,04,2023
103,20230414,2023-04-14,14,04,2023
104,20230415,2023-04-15,15,04,2023
105,20230416,2023-04-16,16,04,2023
106,20230417,2023-04-17,17,04,2023
107,20230418,2023-04-18,18,04,2023
108,20230419,2023-04-19,19,04,2023
109,20230420,2023-04-20,20,04,2023
110,20230421,2023-04-21,21,04,2023
111,20230422,2023-04-22,22,04,2023
112,20230423,2023-04-23,23,04,2023
113,20230424,2023-04-24,24,04,2023
114,20230425,2023-04-25,25,04,2023
115,20230426,2023-04-26,26,04,2023
116,20230427,2023-04-27,27,04,2023
117,20230428,2023-04-28,28,04,2023
118,20230429,2023-04-29,29,04,2023
119,20230430,2023-04-30,30,04,2023
120,20230501,2023-05-01,01,05,2023
121,20230502,2023-05-02,02,05,2023
122,20230503,2023-05-03,03,05,2023
123,20230504,2023-05-04,04,05,2023
124,20230505,2023-05-05,05,05,2023
125,20230506,2023-05-06,06,05,2023
126,20230507,2023-05-07,07,05,2023
127,20230508,2023-05-08,08,05,2023
128,20230509,2023-05-09,09,05,2023
129,20230510,2023-05-10,10,05,2023
130,20230511,2023-05-11,11,05,2023
131,20230512,2023-05-12,12,05,2023
132,20230513,2023-05-13,13,05,2023
133,20230514,2023-05-14,14,05,2023
134,20230515,2023-05-15,15,05,2023
135,20230516,2023-05-16,16,05,2023
136,20230517,2023-05-17,17,05,2023
137,20230518,2023-05-18,18,05,2023
138,20230519,2023-05-19,19,05,2023
139,20230520,2023-05-20,20,05,2023
140,20230521,2023-05-21,21,05,2023
141,20230522,2023-05-22,22,05,2023
142,20230523,2023-05-23,23,05,2023
143,20230524,2023-05-24,24,05,2023
144,20230525,2023-05-25,25,05,2023
145,20230526,2023-05-26,26,05,2023
146,20230527,2023-05-27,27,05,2023
147,20230528,2023-05-28,28,05,2023
148,20230529,2023-05-29,29,05,2023
149,20230530,2023-05-30,30,05,2023
150,20230531,2023-05-31,31,05,2023
151,20230601,2023-06-01,01,06,2023
152,20230602,2023-06-02,02,06,2023
153,20230603,2023-06-03,03,06,2023
154,20230604,2023-06-04,04,06,2023
155,20230605,2023-06-05,05,06,2023
156,20230606,2023-06-06,06,06,2023
157,20230607,2023-06-07,07,06,2023
158,20230608,2023-06-08,08,06,2023
159,20230609,2023-06-09,09,06,2023
160,20230610,2023-06-10,10,06,2023
161,20230611,2023-06-11,11,06,2023
162,20230612,2023-06-12,12,06,2023
163,20230613,2023-06-13,13,06,2023
164,20230614,2023-06-14,14,06,2023
165,20230615,2023-06-15,15,06,2023
166,20230616,2023-06-16,16,06,2023
167,20230617,2023-06-17,17,06,2023
168,20230618,2023-06-18,18,06,2023
169,20230619,2023-06-19,19,06,2023
170,20230620,2023-06-20,20,06,2023
171,20230621,2023-06-21,21,06,2023
172,20230622,2023-06-22,22,06,2023
173,20230623,2023-06-23,23,06,2023
174,20230624,2023-06-24,24,06,2023
175,20230625,2023-06-25,25,06,2023
176,20230626,2023-06-26,26,06,2023
177,20230627,2023-06-27,27,06,2023
178,20230628,2023-06-28,28,06,2023
179,20230629,2023-06-29,29,06,2023
180,20230630,2023-06-30,30,06,2023
181,20230701,2023-07-01,01,07,2023
182,20230702,2023-07-02,02,07,2023
183,20230703,2023-07-03,03,07,2023
184,20230704,2023-07-04,04,07,2023
185,20230705,2023-07-05,05,07,2023
186,20230706,2023-07-06,06,07,2023
187,20230707,2023-07-07,07,07,2023
188,20230708,2023-07-08,08,07,2023
189,20230709,2023-07-09,09,07,2023
190,20230710,2023-07-10,10,07,2023
191,20230711,2023-07-11,11,07,2023
192,20230712,2023-07-12,12,07,2023
193,20230713,2023-07-13,13,07,2023
194,20230714,2023-07-14,14,07,2023
195,20230715,2023-07-15,15,07,2023
196,20230716,2023-07-16,16,07,2023
197,20230717,2023-07-17,17,07,2023
198,20230718,2023-07-18,18,07,2023
199,20230719,2023-07-19,19,07,2023
200,20230720,2023-07-20,20,07,2023
201,20230721,2023-07-21,21,07,2023
202,20230722,2023-07-22,22,07,2023
203,20230723,2023-07-23,23,07,2023
204,20230724,2023-07-24,24,07,2023
205,20230725,2023-07-25,25,07,2023
206,20230726,2023-07-26,26,07,2023
207,20230727,2023-07-27,27,07,2023
208,20230728,2023-07-28,28,07,2023
209,20230729,2023-07-29,29,07,2023
210,20230730,2023-07-30,30,07,2023
211,20230731,2023-07-31,31,07,2023
212,20230801,2023-08-01,01,08,2023
213,20230802,2023-08-02,02,08,2023
214,20230803,2023-08-03,03,08,2023
215,20230804,2023-08-04,04,08,2023
216,20230805,2023-08-05,05,08,2023
217,20230806,2023-08-06,06,08,2023
218,20230807,2023-08-07,07,08,2023
219,20230808,2023-08-08,08,08,2023
220,20230809,2023-08-09,09,08,2023
221,20230810,2023-08-10,10,08,2023
222,20230811,2023-08-11,11,08,2023
223,20230812,2023-08-12,12,08,2023
224,20230813,2023-08-13,13,08,2023
225,20230814,2023-08-14,14,08,2023
226,20230815,2023-08-15,15,08,2023
227,20230816,2023-08-16,16,08,2023
228,20230817,2023-08-17,17,08,2023
229,20230818,2023-08-18,18,08,2023
230,20230819,2023-08-19,19,08,2023
231,20230820,2023-08-20,20,08,2023
232,20230821,2023-08-21,21,08,2023
233,20230822,2023-08-22,22,08,2023
234,20230823,2023-08-23,23,08,2023
235,20230824,2023-08-24,24,08,2023
236,20230825,2023-08-25,25,08,2023
237,20230826,2023-08-26,26,08,2023
238,20230827,2023-08-27,27,08,2023
239,20230828,2023-08-28,28,08,2023
240,20230829,2023-08-29,29,08,2023
241,20230830,2023-08-30,30,08,2023
242,20230831,2023-08-31,31,08,2023
243,20230901,2023-09-01,01,09,2023
244,20230902,2023-09-02,02,09,2023
245,20230903,2023-09-03,03,09,2023
246,20230904,2023-09-04,04,09,2023
247,20230905,2023-09-05,05,09,2023
248,20230906,2023-09-06,06,09,2023
249,20230907,2023-09-07,07,09,2023
250,20230908,2023-09-08,08,09,2023
251,20230909,2023-09-09,09,09,2023
252,20230910,2023-09-10,10,09,2023
253,20230911,2023-09-11,11,09,2023
254,20230912,2023-09-12,12,09,2023
255,20230913,2023-09-13,13,09,2023
256,20230914,2023-09-14,14,09,2023
257,20230915,2023-09-15,15,09,2023
258,20230916,2023-09-16,16,09,2023
259,20230917,2023-09-17,17,09,2023
260,20230918,2023-09-18,18,09,2023
261,20230919,2023-09-19,19,09,2023
262,20230920,2023-09-20,20,09,2023
263,20230921,2023-09-21,21,09,2023
264,20230922,2023-09-22,22,09,2023
265,20230923,2023-09-23,23,09,2023
266,20230924,2023-09-24,24,09,2023
267,20230925,2023-09-25,25,09,2023
268,20230926,2023-09-26,26,09,2023
269,20230927,2023-09-27,27,09,2023
270,20230928,2023-09-28,28,09,2023
271,20230929,2023-09-29,29,09,2023
272,20230930,2023-09-30,30,09,2023
273,20231001,2023-10-01,01,10,2023
274,20231002,2023-10-02,02,10,2023
275,20231003,2023-10-03,03,10,2023
276,20231004,2023-10-04,04,10,2023
277,20231005,2023-10-05,05,10,2023
278,20231006,2023-10-06,06,10,2023
279,20231007,2023-10-07,07,10,2023
280,20231008,2023-10-08,08,10,2023
281,20231009,2023-10-09,09,10,2023
282,20231010,2023-10-10,10,10,2023
283,20231011,2023-10-11,11,10,2023
284,20231012,2023-10-12,12,10,2023
285,20231013,2023-10-13,13,10,2023
286,20231014,2023-10-14,14,10,2023
287,20231015,2023-10-15,15,10,2023
288,20231016,2023-10-16,16,10,2023
289,20231017,2023-10-17,17,10,2023
290,20231018,2023-10-18,18,10,2023
291,20231019,2023-10-19,19,10,2023
292,20231020,2023-10-20,20,10,2023
293,20231021,2023-10-21,21,10,2023
294,20231022,2023-10-22,22,10,2023
295,20231023,2023-10-23,23,10,2023
296,20231024,2023-10-24,24,10,2023
297,20231025,2023-10-25,25,10,2023
298,20231026,2023-10-26,26,10,2023
299,20231027,2023-10-27,27,10,2023
300,20231028,2023-10-28,28,10,2023
301,20231029,2023-10-29,29,10,2023
302,20231030,2023-10-30,30,10,2023
303,20231031,2023-10-31,31,10,2023
304,20231101,2023-11-01,01,11,2023
305,20231102,2023-11-02,02,11,2023
306,20231103,2023-11-03,03,11,2023
307,20231104,2023-11-04,04,11,2023
308,20231105,2023-11-05,05,11,2023
309,20231106,2023-11-06,06,11,2023
310,20231107,2023-11-07,07,11,2023
311,20231108,2023-11-08,08,11,2023
312,20231109,2023-11-09,09,11,2023
313,20231110,2023-11-10,10,11,2023
314,20231111,2023-11-11,11,11,2023
315,20231112,2023-11-12,12,11,2023
316,20231113,2023-11-13,13,11,2023
317,20231114,2023-11-14,14,11,2023
318,20231115,2023-11-15,15,11,2023
319,20231116,2023-11-16,16,11,2023
320,20231117,2023-11-17,17,11,2023
321,20231118,2023-11-18,18,11,2023
322,20231119,2023-11-19,19,11,2023
323,20231120,2023-11-20,20,11,2023
324,20231121,2023-11-21,21,11,2023
325,20231122,2023-11-22,22,11,2023
326,20231123,2023-11-23,23,11,2023
327,20231124,2023-11-24,24,11,2023
328,20231125,2023-11-25,25,11,2023
329,20231126,2023-11-26,26,11,2023
330,20231127,2023-11-27,27,11,2023
331,20231128,2023-11-28,28,11,2023
332,20231129,2023-11-29,29,11,2023
333,20231130,2023-11-30,30,11,2023
334,20231201,2023-12-01,01,12,2023
335,20231202,2023-12-02,02,12,2023
336,20231203,2023-12-03,03,12,2023
337,20231204,2023-12-04,04,12,2023
338,20231205,2023-12-05,05,12,2023
339,20231206,2023-12-06,06,12,2023
340,20231207,2023-12-07,07,12,2023
341,20231208,2023-12-08,08,12,2023
342,20231209,2023-12-09,09,12,2023
343,20231210,2023-12-10,10,12,2023
344,20231211,2023-12-11,11,12,2023
345,20231212,2023-12-12,12,12,2023
346,20231213,2023-12-13,13,12,2023
347,20231214,2023-12-14,14,12,2023
348,20231215,2023-12-15,15,12,2023
349,20231216,2023-12-16,16,12,2023
350,20231217,2023-12-17,17,12,2023
351,20231218,2023-12-18,18,12,2023
352,20231219,2023-12-19,19,12,2023
353,20231220,2023-12-20,20,12,2023
354,20231221,2023-12-21,21,12,2023
355,20231222,2023-12-22,22,12,2023
356,20231223,2023-12-23,23,12,2023
357,20231224,2023-12-24,24,12,2023
358,20231225,2023-12-25,25,12,2023
359,20231226,2023-12-26,26,12,2023
360,20231227,2023-12-27,27,12,2023
361,20231228,2023-12-28,28,12,2023
362,20231229,2023-12-29,29,12,2023
363,20231230,2023-12-30,30,12,2023
364,20231231,2023-12-31,31,12,2023
