id,Time_id,The_date,The_day,The_month,The_Year
0,20230719,2023-07-19,19,07,2023
1,20230719,2023-07-19,19,07,2023
2,20230719,2023-07-19,19,07,2023
3,20230719,2023-07-19,19,07,2023
4,20230719,2023-07-19,19,07,2023
5,20230719,2023-07-19,19,07,2023
6,20230719,2023-07-19,19,07,2023
7,20230719,2023-07-19,19,07,2023
8,20230719,2023-07-19,19,07,2023
9,20230719,2023-07-19,19,07,2023
10,20230719,2023-07-19,19,07,2023
11,20230719,2023-07-19,19,07,2023
12,20230719,2023-07-19,19,07,2023
13,20230719,2023-07-19,19,07,2023
14,20230719,2023-07-19,19,07,2023
15,20230719,2023-07-19,19,07,2023
16,20230719,2023-07-19,19,07,2023
17,20230719,2023-07-19,19,07,2023
18,20230719,2023-07-19,19,07,2023
19,20230719,2023-07-19,19,07,2023
20,20230719,2023-07-19,19,07,2023
21,20230719,2023-07-19,19,07,2023
22,20230719,2023-07-19,19,07,2023
23,20230719,2023-07-19,19,07,2023
24,20230719,2023-07-19,19,07,2023
25,20230719,2023-07-19,19,07,2023
26,20230719,2023-07-19,19,07,2023
27,20230719,2023-07-19,19,07,2023
28,20230719,2023-07-19,19,07,2023
29,20230719,2023-07-19,19,07,2023
30,20230719,2023-07-19,19,07,2023
31,20230719,2023-07-19,19,07,2023
32,20230719,2023-07-19,19,07,2023
33,20230719,2023-07-19,19,07,2023
34,20230719,2023-07-19,19,07,2023
35,20230719,2023-07-19,19,07,2023
36,20230719,2023-07-19,19,07,2023
37,20230719,2023-07-19,19,07,2023
38,20230719,2023-07-19,19,07,2023
39,20230719,2023-07-19,19,07,2023
40,20230719,2023-07-19,19,07,2023
41,20230719,2023-07-19,19,07,2023
42,20230719,2023-07-19,19,07,2023
43,20230719,2023-07-19,19,07,2023
44,20230719,2023-07-19,19,07,2023
45,20230719,2023-07-19,19,07,2023
46,20230719,2023-07-19,19,07,2023
47,20230719,2023-07-19,19,07,2023
48,20230719,2023-07-19,19,07,2023
49,20230719,2023-07-19,19,07,2023
50,20230719,2023-07-19,19,07,2023
51,20230719,2023-07-19,19,07,2023
52,20230719,2023-07-19,19,07,2023
53,20230719,2023-07-19,19,07,2023
54,20230719,2023-07-19,19,07,2023
55,20230719,2023-07-19,19,07,2023
56,20230719,2023-07-19,19,07,2023
57,20230719,2023-07-19,19,07,2023
58,20230719,2023-07-19,19,07,2023
59,20230719,2023-07-19,19,07,2023
60,20230719,2023-07-19,19,07,2023
61,20230719,2023-07-19,19,07,2023
62,20230719,2023-07-19,19,07,2023
63,20230719,2023-07-19,19,07,2023
64,20230719,2023-07-19,19,07,2023
65,20230719,2023-07-19,19,07,2023
66,20230719,2023-07-19,19,07,2023
67,20230719,2023-07-19,19,07,2023
68,20230719,2023-07-19,19,07,2023
69,20230719,2023-07-19,19,07,2023
70,20230719,2023-07-19,19,07,2023
71,20230719,2023-07-19,19,07,2023
72,20230719,2023-07-19,19,07,2023
73,20230719,2023-07-19,19,07,2023
74,20230719,2023-07-19,19,07,2023
75,20230719,2023-07-19,19,07,2023
76,20230719,2023-07-19,19,07,2023
77,20230719,2023-07-19,19,07,2023
78,20230719,2023-07-19,19,07,2023
79,20230719,2023-07-19,19,07,2023
80,20230719,2023-07-19,19,07,2023
81,20230719,2023-07-19,19,07,2023
82,20230719,2023-07-19,19,07,2023
83,20230719,2023-07-19,19,07,2023
84,20230719,2023-07-19,19,07,2023
85,20230719,2023-07-19,19,07,2023
86,20230719,2023-07-19,19,07,2023
87,20230719,2023-07-19,19,07,2023
88,20230719,2023-07-19,19,07,2023
89,20230719,2023-07-19,19,07,2023
90,20230719,2023-07-19,19,07,2023
91,20230719,2023-07-19,19,07,2023
92,20230719,2023-07-19,19,07,2023
93,20230719,2023-07-19,19,07,2023
94,20230719,2023-07-19,19,07,2023
95,20230719,2023-07-19,19,07,2023
96,20230719,2023-07-19,19,07,2023
97,20230719,2023-07-19,19,07,2023
98,20230719,2023-07-19,19,07,2023
99,20230719,2023-07-19,19,07,2023
100,20230719,2023-07-19,19,07,2023
101,20230719,2023-07-19,19,07,2023
102,20230719,2023-07-19,19,07,2023
103,20230719,2023-07-19,19,07,2023
104,20230719,2023-07-19,19,07,2023
105,20230719,2023-07-19,19,07,2023
106,20230719,2023-07-19,19,07,2023
107,20230719,2023-07-19,19,07,2023
108,20230719,2023-07-19,19,07,2023
109,20230719,2023-07-19,19,07,2023
110,20230719,2023-07-19,19,07,2023
111,20230719,2023-07-19,19,07,2023
112,20230719,2023-07-19,19,07,2023
113,20230719,2023-07-19,19,07,2023
114,20230719,2023-07-19,19,07,2023
115,20230719,2023-07-19,19,07,2023
116,20230719,2023-07-19,19,07,2023
117,20230719,2023-07-19,19,07,2023
118,20230719,2023-07-19,19,07,2023
119,20230719,2023-07-19,19,07,2023
120,20230719,2023-07-19,19,07,2023
121,20230719,2023-07-19,19,07,2023
122,20230719,2023-07-19,19,07,2023
123,20230719,2023-07-19,19,07,2023
124,20230719,2023-07-19,19,07,2023
125,20230719,2023-07-19,19,07,2023
126,20230719,2023-07-19,19,07,2023
127,20230719,2023-07-19,19,07,2023
128,20230719,2023-07-19,19,07,2023
129,20230719,2023-07-19,19,07,2023
130,20230719,2023-07-19,19,07,2023
131,20230719,2023-07-19,19,07,2023
132,20230719,2023-07-19,19,07,2023
133,20230719,2023-07-19,19,07,2023
134,20230719,2023-07-19,19,07,2023
135,20230719,2023-07-19,19,07,2023
136,20230719,2023-07-19,19,07,2023
137,20230719,2023-07-19,19,07,2023
138,20230719,2023-07-19,19,07,2023
139,20230719,2023-07-19,19,07,2023
140,20230719,2023-07-19,19,07,2023
141,20230719,2023-07-19,19,07,2023
142,20230719,2023-07-19,19,07,2023
143,20230719,2023-07-19,19,07,2023
144,20230719,2023-07-19,19,07,2023
145,20230719,2023-07-19,19,07,2023
146,20230719,2023-07-19,19,07,2023
147,20230719,2023-07-19,19,07,2023
148,20230719,2023-07-19,19,07,2023
149,20230719,2023-07-19,19,07,2023
150,20230719,2023-07-19,19,07,2023
151,20230719,2023-07-19,19,07,2023
152,20230719,2023-07-19,19,07,2023
153,20230719,2023-07-19,19,07,2023
154,20230719,2023-07-19,19,07,2023
155,20230719,2023-07-19,19,07,2023
156,20230719,2023-07-19,19,07,2023
157,20230719,2023-07-19,19,07,2023
158,20230719,2023-07-19,19,07,2023
159,20230719,2023-07-19,19,07,2023
160,20230719,2023-07-19,19,07,2023
161,20230719,2023-07-19,19,07,2023
162,20230719,2023-07-19,19,07,2023
163,20230719,2023-07-19,19,07,2023
164,20230719,2023-07-19,19,07,2023
165,20230719,2023-07-19,19,07,2023
166,20230719,2023-07-19,19,07,2023
167,20230719,2023-07-19,19,07,2023
168,20230719,2023-07-19,19,07,2023
169,20230719,2023-07-19,19,07,2023
170,20230719,2023-07-19,19,07,2023
171,20230719,2023-07-19,19,07,2023
172,20230719,2023-07-19,19,07,2023
173,20230719,2023-07-19,19,07,2023
174,20230719,2023-07-19,19,07,2023
175,20230719,2023-07-19,19,07,2023
176,20230719,2023-07-19,19,07,2023
177,20230719,2023-07-19,19,07,2023
178,20230719,2023-07-19,19,07,2023
179,20230719,2023-07-19,19,07,2023
180,20230719,2023-07-19,19,07,2023
181,20230719,2023-07-19,19,07,2023
182,20230719,2023-07-19,19,07,2023
183,20230719,2023-07-19,19,07,2023
184,20230719,2023-07-19,19,07,2023
185,20230719,2023-07-19,19,07,2023
186,20230719,2023-07-19,19,07,2023
187,20230719,2023-07-19,19,07,2023
188,20230719,2023-07-19,19,07,2023
189,20230719,2023-07-19,19,07,2023
190,20230719,2023-07-19,19,07,2023
191,20230719,2023-07-19,19,07,2023
192,20230719,2023-07-19,19,07,2023
193,20230719,2023-07-19,19,07,2023
194,20230719,2023-07-19,19,07,2023
195,20230719,2023-07-19,19,07,2023
196,20230719,2023-07-19,19,07,2023
197,20230719,2023-07-19,19,07,2023
198,20230719,2023-07-19,19,07,2023
199,20230719,2023-07-19,19,07,2023
200,20230719,2023-07-19,19,07,2023
201,20230719,2023-07-19,19,07,2023
202,20230719,2023-07-19,19,07,2023
203,20230719,2023-07-19,19,07,2023
204,20230719,2023-07-19,19,07,2023
205,20230719,2023-07-19,19,07,2023
206,20230719,2023-07-19,19,07,2023
207,20230719,2023-07-19,19,07,2023
208,20230719,2023-07-19,19,07,2023
209,20230719,2023-07-19,19,07,2023
210,20230719,2023-07-19,19,07,2023
211,20230719,2023-07-19,19,07,2023
212,20230719,2023-07-19,19,07,2023
213,20230719,2023-07-19,19,07,2023
214,20230719,2023-07-19,19,07,2023
215,20230719,2023-07-19,19,07,2023
216,20230719,2023-07-19,19,07,2023
217,20230719,2023-07-19,19,07,2023
218,20230719,2023-07-19,19,07,2023
219,20230719,2023-07-19,19,07,2023
220,20230719,2023-07-19,19,07,2023
221,20230719,2023-07-19,19,07,2023
222,20230719,2023-07-19,19,07,2023
223,20230719,2023-07-19,19,07,2023
224,20230719,2023-07-19,19,07,2023
225,20230719,2023-07-19,19,07,2023
226,20230719,2023-07-19,19,07,2023
227,20230719,2023-07-19,19,07,2023
228,20230719,2023-07-19,19,07,2023
229,20230719,2023-07-19,19,07,2023
230,20230719,2023-07-19,19,07,2023
231,20230719,2023-07-19,19,07,2023
232,20230719,2023-07-19,19,07,2023
233,20230719,2023-07-19,19,07,2023
234,20230719,2023-07-19,19,07,2023
235,20230719,2023-07-19,19,07,2023
236,20230719,2023-07-19,19,07,2023
237,20230719,2023-07-19,19,07,2023
238,20230719,2023-07-19,19,07,2023
239,20230719,2023-07-19,19,07,2023
240,20230719,2023-07-19,19,07,2023
241,20230719,2023-07-19,19,07,2023
242,20230719,2023-07-19,19,07,2023
243,20230719,2023-07-19,19,07,2023
244,20230719,2023-07-19,19,07,2023
245,20230719,2023-07-19,19,07,2023
246,20230719,2023-07-19,19,07,2023
247,20230719,2023-07-19,19,07,2023
248,20230719,2023-07-19,19,07,2023
249,20230719,2023-07-19,19,07,2023
250,20230719,2023-07-19,19,07,2023
251,20230719,2023-07-19,19,07,2023
252,20230719,2023-07-19,19,07,2023
253,20230719,2023-07-19,19,07,2023
254,20230719,2023-07-19,19,07,2023
255,20230719,2023-07-19,19,07,2023
256,20230719,2023-07-19,19,07,2023
257,20230719,2023-07-19,19,07,2023
258,20230719,2023-07-19,19,07,2023
259,20230719,2023-07-19,19,07,2023
260,20230719,2023-07-19,19,07,2023
261,20230719,2023-07-19,19,07,2023
262,20230719,2023-07-19,19,07,2023
263,20230719,2023-07-19,19,07,2023
264,20230719,2023-07-19,19,07,2023
265,20230719,2023-07-19,19,07,2023
266,20230719,2023-07-19,19,07,2023
267,20230719,2023-07-19,19,07,2023
268,20230719,2023-07-19,19,07,2023
269,20230719,2023-07-19,19,07,2023
270,20230719,2023-07-19,19,07,2023
271,20230719,2023-07-19,19,07,2023
272,20230719,2023-07-19,19,07,2023
273,20230719,2023-07-19,19,07,2023
274,20230719,2023-07-19,19,07,2023
275,20230719,2023-07-19,19,07,2023
276,20230719,2023-07-19,19,07,2023
277,20230719,2023-07-19,19,07,2023
278,20230719,2023-07-19,19,07,2023
279,20230719,2023-07-19,19,07,2023
280,20230719,2023-07-19,19,07,2023
281,20230719,2023-07-19,19,07,2023
282,20230719,2023-07-19,19,07,2023
283,20230719,2023-07-19,19,07,2023
284,20230719,2023-07-19,19,07,2023
285,20230719,2023-07-19,19,07,2023
286,20230719,2023-07-19,19,07,2023
287,20230719,2023-07-19,19,07,2023
288,20230719,2023-07-19,19,07,2023
289,20230719,2023-07-19,19,07,2023
290,20230719,2023-07-19,19,07,2023
291,20230719,2023-07-19,19,07,2023
292,20230719,2023-07-19,19,07,2023
293,20230719,2023-07-19,19,07,2023
294,20230719,2023-07-19,19,07,2023
295,20230719,2023-07-19,19,07,2023
296,20230719,2023-07-19,19,07,2023
297,20230719,2023-07-19,19,07,2023
298,20230719,2023-07-19,19,07,2023
299,20230719,2023-07-19,19,07,2023
300,20230719,2023-07-19,19,07,2023
301,20230719,2023-07-19,19,07,2023
302,20230719,2023-07-19,19,07,2023
303,20230719,2023-07-19,19,07,2023
304,20230719,2023-07-19,19,07,2023
305,20230719,2023-07-19,19,07,2023
306,20230719,2023-07-19,19,07,2023
307,20230719,2023-07-19,19,07,2023
308,20230719,2023-07-19,19,07,2023
309,20230719,2023-07-19,19,07,2023
310,20230719,2023-07-19,19,07,2023
311,20230719,2023-07-19,19,07,2023
312,20230719,2023-07-19,19,07,2023
313,20230719,2023-07-19,19,07,2023
314,20230719,2023-07-19,19,07,2023
315,20230719,2023-07-19,19,07,2023
316,20230719,2023-07-19,19,07,2023
317,20230719,2023-07-19,19,07,2023
318,20230719,2023-07-19,19,07,2023
319,20230719,2023-07-19,19,07,2023
320,20230719,2023-07-19,19,07,2023
321,20230719,2023-07-19,19,07,2023
322,20230719,2023-07-19,19,07,2023
323,20230719,2023-07-19,19,07,2023
324,20230719,2023-07-19,19,07,2023
325,20230719,2023-07-19,19,07,2023
326,20230719,2023-07-19,19,07,2023
327,20230719,2023-07-19,19,07,2023
328,20230719,2023-07-19,19,07,2023
329,20230719,2023-07-19,19,07,2023
330,20230719,2023-07-19,19,07,2023
331,20230719,2023-07-19,19,07,2023
332,20230719,2023-07-19,19,07,2023
333,20230719,2023-07-19,19,07,2023
334,20230719,2023-07-19,19,07,2023
335,20230719,2023-07-19,19,07,2023
336,20230719,2023-07-19,19,07,2023
337,20230719,2023-07-19,19,07,2023
338,20230719,2023-07-19,19,07,2023
339,20230719,2023-07-19,19,07,2023
340,20230719,2023-07-19,19,07,2023
341,20230719,2023-07-19,19,07,2023
342,20230719,2023-07-19,19,07,2023
343,20230719,2023-07-19,19,07,2023
344,20230719,2023-07-19,19,07,2023
345,20230719,2023-07-19,19,07,2023
346,20230719,2023-07-19,19,07,2023
347,20230719,2023-07-19,19,07,2023
348,20230719,2023-07-19,19,07,2023
349,20230719,2023-07-19,19,07,2023
350,20230719,2023-07-19,19,07,2023
351,20230719,2023-07-19,19,07,2023
352,20230719,2023-07-19,19,07,2023
353,20230719,2023-07-19,19,07,2023
354,20230719,2023-07-19,19,07,2023
355,20230719,2023-07-19,19,07,2023
356,20230719,2023-07-19,19,07,2023
357,20230719,2023-07-19,19,07,2023
358,20230719,2023-07-19,19,07,2023
359,20230719,2023-07-19,19,07,2023
360,20230719,2023-07-19,19,07,2023
361,20230719,2023-07-19,19,07,2023
362,20230719,2023-07-19,19,07,2023
363,20230719,2023-07-19,19,07,2023
364,20230719,2023-07-19,19,07,2023
365,20230719,2023-07-19,19,07,2023
366,20230719,2023-07-19,19,07,2023
367,20230719,2023-07-19,19,07,2023
368,20230719,2023-07-19,19,07,2023
369,20230719,2023-07-19,19,07,2023
370,20230719,2023-07-19,19,07,2023
371,20230719,2023-07-19,19,07,2023
372,20230719,2023-07-19,19,07,2023
373,20230719,2023-07-19,19,07,2023
374,20230719,2023-07-19,19,07,2023
375,20230719,2023-07-19,19,07,2023
376,20230719,2023-07-19,19,07,2023
377,20230719,2023-07-19,19,07,2023
378,20230719,2023-07-19,19,07,2023
379,20230719,2023-07-19,19,07,2023
380,20230719,2023-07-19,19,07,2023
381,20230719,2023-07-19,19,07,2023
382,20230719,2023-07-19,19,07,2023
383,20230719,2023-07-19,19,07,2023
384,20230719,2023-07-19,19,07,2023
385,20230719,2023-07-19,19,07,2023
386,20230719,2023-07-19,19,07,2023
387,20230719,2023-07-19,19,07,2023
388,20230719,2023-07-19,19,07,2023
389,20230719,2023-07-19,19,07,2023
390,20230719,2023-07-19,19,07,2023
391,20230719,2023-07-19,19,07,2023
392,20230719,2023-07-19,19,07,2023
393,20230719,2023-07-19,19,07,2023
394,20230719,2023-07-19,19,07,2023
395,20230719,2023-07-19,19,07,2023
396,20230719,2023-07-19,19,07,2023
397,20230719,2023-07-19,19,07,2023
398,20230719,2023-07-19,19,07,2023
399,20230719,2023-07-19,19,07,2023
400,20230719,2023-07-19,19,07,2023
401,20230719,2023-07-19,19,07,2023
402,20230719,2023-07-19,19,07,2023
403,20230719,2023-07-19,19,07,2023
404,20230719,2023-07-19,19,07,2023
405,20230719,2023-07-19,19,07,2023
406,20230719,2023-07-19,19,07,2023
407,20230719,2023-07-19,19,07,2023
408,20230719,2023-07-19,19,07,2023
409,20230719,2023-07-19,19,07,2023
410,20230719,2023-07-19,19,07,2023
411,20230719,2023-07-19,19,07,2023
412,20230719,2023-07-19,19,07,2023
413,20230719,2023-07-19,19,07,2023
414,20230719,2023-07-19,19,07,2023
415,20230719,2023-07-19,19,07,2023
416,20230719,2023-07-19,19,07,2023
417,20230719,2023-07-19,19,07,2023
418,20230719,2023-07-19,19,07,2023
419,20230719,2023-07-19,19,07,2023
420,20230719,2023-07-19,19,07,2023
421,20230719,2023-07-19,19,07,2023
422,20230719,2023-07-19,19,07,2023
423,20230719,2023-07-19,19,07,2023
424,20230719,2023-07-19,19,07,2023
425,20230719,2023-07-19,19,07,2023
426,20230719,2023-07-19,19,07,2023
427,20230719,2023-07-19,19,07,2023
428,20230719,2023-07-19,19,07,2023
429,20230719,2023-07-19,19,07,2023
430,20230719,2023-07-19,19,07,2023
431,20230719,2023-07-19,19,07,2023
432,20230719,2023-07-19,19,07,2023
433,20230719,2023-07-19,19,07,2023
434,20230719,2023-07-19,19,07,2023
435,20230719,2023-07-19,19,07,2023
436,20230719,2023-07-19,19,07,2023
437,20230719,2023-07-19,19,07,2023
438,20230719,2023-07-19,19,07,2023
439,20230719,2023-07-19,19,07,2023
440,20230719,2023-07-19,19,07,2023
441,20230719,2023-07-19,19,07,2023
442,20230719,2023-07-19,19,07,2023
443,20230719,2023-07-19,19,07,2023
444,20230719,2023-07-19,19,07,2023
445,20230719,2023-07-19,19,07,2023
446,20230719,2023-07-19,19,07,2023
447,20230719,2023-07-19,19,07,2023
448,20230719,2023-07-19,19,07,2023
449,20230719,2023-07-19,19,07,2023
450,20230719,2023-07-19,19,07,2023
451,20230719,2023-07-19,19,07,2023
452,20230719,2023-07-19,19,07,2023
453,20230719,2023-07-19,19,07,2023
454,20230719,2023-07-19,19,07,2023
455,20230719,2023-07-19,19,07,2023
456,20230719,2023-07-19,19,07,2023
457,20230719,2023-07-19,19,07,2023
458,20230719,2023-07-19,19,07,2023
459,20230719,2023-07-19,19,07,2023
460,20230719,2023-07-19,19,07,2023
461,20230719,2023-07-19,19,07,2023
462,20230719,2023-07-19,19,07,2023
463,20230719,2023-07-19,19,07,2023
464,20230719,2023-07-19,19,07,2023
465,20230719,2023-07-19,19,07,2023
466,20230719,2023-07-19,19,07,2023
467,20230719,2023-07-19,19,07,2023
468,20230719,2023-07-19,19,07,2023
469,20230719,2023-07-19,19,07,2023
470,20230719,2023-07-19,19,07,2023
471,20230719,2023-07-19,19,07,2023
472,20230719,2023-07-19,19,07,2023
473,20230719,2023-07-19,19,07,2023
474,20230719,2023-07-19,19,07,2023
475,20230719,2023-07-19,19,07,2023
476,20230719,2023-07-19,19,07,2023
477,20230719,2023-07-19,19,07,2023
478,20230719,2023-07-19,19,07,2023
479,20230719,2023-07-19,19,07,2023
480,20230719,2023-07-19,19,07,2023
481,20230719,2023-07-19,19,07,2023
482,20230719,2023-07-19,19,07,2023
483,20230719,2023-07-19,19,07,2023
484,20230719,2023-07-19,19,07,2023
485,20230719,2023-07-19,19,07,2023
486,20230719,2023-07-19,19,07,2023
487,20230719,2023-07-19,19,07,2023
488,20230719,2023-07-19,19,07,2023
489,20230719,2023-07-19,19,07,2023
490,20230719,2023-07-19,19,07,2023
491,20230719,2023-07-19,19,07,2023
492,20230719,2023-07-19,19,07,2023
493,20230719,2023-07-19,19,07,2023
494,20230719,2023-07-19,19,07,2023
495,20230719,2023-07-19,19,07,2023
496,20230719,2023-07-19,19,07,2023
497,20230719,2023-07-19,19,07,2023
498,20230719,2023-07-19,19,07,2023
499,20230719,2023-07-19,19,07,2023
500,20230719,2023-07-19,19,07,2023
501,20230719,2023-07-19,19,07,2023
502,20230719,2023-07-19,19,07,2023
503,20230719,2023-07-19,19,07,2023
504,20230719,2023-07-19,19,07,2023
505,20230719,2023-07-19,19,07,2023
506,20230719,2023-07-19,19,07,2023
507,20230719,2023-07-19,19,07,2023
508,20230719,2023-07-19,19,07,2023
509,20230719,2023-07-19,19,07,2023
510,20230719,2023-07-19,19,07,2023
511,20230719,2023-07-19,19,07,2023
512,20230719,2023-07-19,19,07,2023
513,20230719,2023-07-19,19,07,2023
514,20230719,2023-07-19,19,07,2023
515,20230719,2023-07-19,19,07,2023
516,20230719,2023-07-19,19,07,2023
517,20230719,2023-07-19,19,07,2023
518,20230719,2023-07-19,19,07,2023
519,20230719,2023-07-19,19,07,2023
520,20230719,2023-07-19,19,07,2023
521,20230719,2023-07-19,19,07,2023
522,20230719,2023-07-19,19,07,2023
523,20230719,2023-07-19,19,07,2023
524,20230719,2023-07-19,19,07,2023
525,20230719,2023-07-19,19,07,2023
526,20230719,2023-07-19,19,07,2023
527,20230719,2023-07-19,19,07,2023
528,20230719,2023-07-19,19,07,2023
529,20230719,2023-07-19,19,07,2023
530,20230719,2023-07-19,19,07,2023
531,20230719,2023-07-19,19,07,2023
532,20230719,2023-07-19,19,07,2023
533,20230719,2023-07-19,19,07,2023
534,20230719,2023-07-19,19,07,2023
535,20230719,2023-07-19,19,07,2023
536,20230719,2023-07-19,19,07,2023
537,20230719,2023-07-19,19,07,2023
538,20230719,2023-07-19,19,07,2023
539,20230719,2023-07-19,19,07,2023
540,20230719,2023-07-19,19,07,2023
541,20230719,2023-07-19,19,07,2023
542,20230719,2023-07-19,19,07,2023
543,20230719,2023-07-19,19,07,2023
544,20230719,2023-07-19,19,07,2023
545,20230719,2023-07-19,19,07,2023
546,20230719,2023-07-19,19,07,2023
547,20230719,2023-07-19,19,07,2023
548,20230719,2023-07-19,19,07,2023
549,20230719,2023-07-19,19,07,2023
550,20230719,2023-07-19,19,07,2023
551,20230719,2023-07-19,19,07,2023
552,20230719,2023-07-19,19,07,2023
553,20230719,2023-07-19,19,07,2023
554,20230719,2023-07-19,19,07,2023
555,20230719,2023-07-19,19,07,2023
556,20230719,2023-07-19,19,07,2023
557,20230719,2023-07-19,19,07,2023
558,20230719,2023-07-19,19,07,2023
559,20230719,2023-07-19,19,07,2023
560,20230719,2023-07-19,19,07,2023
561,20230719,2023-07-19,19,07,2023
562,20230719,2023-07-19,19,07,2023
563,20230719,2023-07-19,19,07,2023
564,20230719,2023-07-19,19,07,2023
565,20230719,2023-07-19,19,07,2023
566,20230719,2023-07-19,19,07,2023
567,20230719,2023-07-19,19,07,2023
568,20230719,2023-07-19,19,07,2023
569,20230719,2023-07-19,19,07,2023
570,20230719,2023-07-19,19,07,2023
571,20230719,2023-07-19,19,07,2023
572,20230719,2023-07-19,19,07,2023
573,20230719,2023-07-19,19,07,2023
574,20230719,2023-07-19,19,07,2023
575,20230719,2023-07-19,19,07,2023
576,20230719,2023-07-19,19,07,2023
577,20230719,2023-07-19,19,07,2023
578,20230719,2023-07-19,19,07,2023
579,20230719,2023-07-19,19,07,2023
580,20230719,2023-07-19,19,07,2023
581,20230719,2023-07-19,19,07,2023
582,20230719,2023-07-19,19,07,2023
583,20230719,2023-07-19,19,07,2023
584,20230719,2023-07-19,19,07,2023
585,20230719,2023-07-19,19,07,2023
586,20230719,2023-07-19,19,07,2023
587,20230719,2023-07-19,19,07,2023
588,20230719,2023-07-19,19,07,2023
589,20230719,2023-07-19,19,07,2023
590,20230719,2023-07-19,19,07,2023
591,20230719,2023-07-19,19,07,2023
592,20230719,2023-07-19,19,07,2023
593,20230719,2023-07-19,19,07,2023
594,20230719,2023-07-19,19,07,2023
595,20230719,2023-07-19,19,07,2023
596,20230719,2023-07-19,19,07,2023
597,20230719,2023-07-19,19,07,2023
598,20230719,2023-07-19,19,07,2023
599,20230719,2023-07-19,19,07,2023
600,20230719,2023-07-19,19,07,2023
601,20230719,2023-07-19,19,07,2023
602,20230719,2023-07-19,19,07,2023
603,20230719,2023-07-19,19,07,2023
604,20230719,2023-07-19,19,07,2023
605,20230719,2023-07-19,19,07,2023
606,20230719,2023-07-19,19,07,2023
607,20230719,2023-07-19,19,07,2023
608,20230719,2023-07-19,19,07,2023
609,20230719,2023-07-19,19,07,2023
610,20230719,2023-07-19,19,07,2023
611,20230719,2023-07-19,19,07,2023
612,20230719,2023-07-19,19,07,2023
613,20230719,2023-07-19,19,07,2023
614,20230719,2023-07-19,19,07,2023
615,20230719,2023-07-19,19,07,2023
616,20230719,2023-07-19,19,07,2023
617,20230719,2023-07-19,19,07,2023
618,20230719,2023-07-19,19,07,2023
619,20230719,2023-07-19,19,07,2023
620,20230719,2023-07-19,19,07,2023
621,20230719,2023-07-19,19,07,2023
622,20230719,2023-07-19,19,07,2023
623,20230719,2023-07-19,19,07,2023
624,20230719,2023-07-19,19,07,2023
625,20230719,2023-07-19,19,07,2023
626,20230719,2023-07-19,19,07,2023
627,20230719,2023-07-19,19,07,2023
628,20230719,2023-07-19,19,07,2023
629,20230719,2023-07-19,19,07,2023
630,20230719,2023-07-19,19,07,2023
631,20230719,2023-07-19,19,07,2023
632,20230719,2023-07-19,19,07,2023
633,20230719,2023-07-19,19,07,2023
634,20230719,2023-07-19,19,07,2023
635,20230719,2023-07-19,19,07,2023
636,20230719,2023-07-19,19,07,2023
637,20230719,2023-07-19,19,07,2023
638,20230719,2023-07-19,19,07,2023
639,20230719,2023-07-19,19,07,2023
640,20230719,2023-07-19,19,07,2023
641,20230719,2023-07-19,19,07,2023
642,20230719,2023-07-19,19,07,2023
643,20230719,2023-07-19,19,07,2023
644,20230719,2023-07-19,19,07,2023
645,20230719,2023-07-19,19,07,2023
646,20230719,2023-07-19,19,07,2023
647,20230719,2023-07-19,19,07,2023
648,20230719,2023-07-19,19,07,2023
649,20230719,2023-07-19,19,07,2023
650,20230719,2023-07-19,19,07,2023
651,20230719,2023-07-19,19,07,2023
652,20230719,2023-07-19,19,07,2023
653,20230719,2023-07-19,19,07,2023
654,20230719,2023-07-19,19,07,2023
655,20230719,2023-07-19,19,07,2023
656,20230719,2023-07-19,19,07,2023
657,20230719,2023-07-19,19,07,2023
658,20230719,2023-07-19,19,07,2023
659,20230719,2023-07-19,19,07,2023
660,20230719,2023-07-19,19,07,2023
661,20230719,2023-07-19,19,07,2023
662,20230719,2023-07-19,19,07,2023
663,20230719,2023-07-19,19,07,2023
664,20230719,2023-07-19,19,07,2023
665,20230719,2023-07-19,19,07,2023
666,20230719,2023-07-19,19,07,2023
667,20230719,2023-07-19,19,07,2023
668,20230719,2023-07-19,19,07,2023
669,20230719,2023-07-19,19,07,2023
670,20230719,2023-07-19,19,07,2023
671,20230719,2023-07-19,19,07,2023
672,20230719,2023-07-19,19,07,2023
673,20230719,2023-07-19,19,07,2023
674,20230719,2023-07-19,19,07,2023
675,20230719,2023-07-19,19,07,2023
676,20230719,2023-07-19,19,07,2023
677,20230719,2023-07-19,19,07,2023
678,20230719,2023-07-19,19,07,2023
679,20230719,2023-07-19,19,07,2023
680,20230719,2023-07-19,19,07,2023
681,20230719,2023-07-19,19,07,2023
682,20230719,2023-07-19,19,07,2023
683,20230719,2023-07-19,19,07,2023
684,20230719,2023-07-19,19,07,2023
685,20230719,2023-07-19,19,07,2023
686,20230719,2023-07-19,19,07,2023
687,20230719,2023-07-19,19,07,2023
688,20230719,2023-07-19,19,07,2023
689,20230719,2023-07-19,19,07,2023
690,20230719,2023-07-19,19,07,2023
691,20230719,2023-07-19,19,07,2023
692,20230719,2023-07-19,19,07,2023
693,20230719,2023-07-19,19,07,2023
694,20230719,2023-07-19,19,07,2023
695,20230719,2023-07-19,19,07,2023
696,20230719,2023-07-19,19,07,2023
697,20230719,2023-07-19,19,07,2023
698,20230719,2023-07-19,19,07,2023
699,20230719,2023-07-19,19,07,2023
700,20230719,2023-07-19,19,07,2023
701,20230719,2023-07-19,19,07,2023
702,20230719,2023-07-19,19,07,2023
703,20230719,2023-07-19,19,07,2023
704,20230719,2023-07-19,19,07,2023
705,20230719,2023-07-19,19,07,2023
706,20230719,2023-07-19,19,07,2023
707,20230719,2023-07-19,19,07,2023
708,20230719,2023-07-19,19,07,2023
709,20230719,2023-07-19,19,07,2023
710,20230719,2023-07-19,19,07,2023
711,20230719,2023-07-19,19,07,2023
712,20230719,2023-07-19,19,07,2023
713,20230719,2023-07-19,19,07,2023
714,20230719,2023-07-19,19,07,2023
715,20230719,2023-07-19,19,07,2023
716,20230719,2023-07-19,19,07,2023
717,20230719,2023-07-19,19,07,2023
718,20230719,2023-07-19,19,07,2023
719,20230719,2023-07-19,19,07,2023
720,20230719,2023-07-19,19,07,2023
721,20230719,2023-07-19,19,07,2023
722,20230719,2023-07-19,19,07,2023
723,20230719,2023-07-19,19,07,2023
724,20230719,2023-07-19,19,07,2023
725,20230719,2023-07-19,19,07,2023
726,20230719,2023-07-19,19,07,2023
727,20230719,2023-07-19,19,07,2023
728,20230719,2023-07-19,19,07,2023
729,20230719,2023-07-19,19,07,2023
730,20230719,2023-07-19,19,07,2023
731,20230719,2023-07-19,19,07,2023
732,20230719,2023-07-19,19,07,2023
733,20230719,2023-07-19,19,07,2023
734,20230719,2023-07-19,19,07,2023
735,20230719,2023-07-19,19,07,2023
736,20230719,2023-07-19,19,07,2023
737,20230719,2023-07-19,19,07,2023
738,20230719,2023-07-19,19,07,2023
739,20230719,2023-07-19,19,07,2023
740,20230719,2023-07-19,19,07,2023
741,20230719,2023-07-19,19,07,2023
742,20230719,2023-07-19,19,07,2023
743,20230719,2023-07-19,19,07,2023
744,20230719,2023-07-19,19,07,2023
745,20230719,2023-07-19,19,07,2023
746,20230719,2023-07-19,19,07,2023
747,20230719,2023-07-19,19,07,2023
748,20230719,2023-07-19,19,07,2023
749,20230719,2023-07-19,19,07,2023
750,20230719,2023-07-19,19,07,2023
751,20230719,2023-07-19,19,07,2023
752,20230719,2023-07-19,19,07,2023
753,20230719,2023-07-19,19,07,2023
754,20230719,2023-07-19,19,07,2023
755,20230719,2023-07-19,19,07,2023
756,20230719,2023-07-19,19,07,2023
757,20230719,2023-07-19,19,07,2023
758,20230719,2023-07-19,19,07,2023
759,20230719,2023-07-19,19,07,2023
