0,NV01,202301,PB01,CV01,TD03,CM03,10000000,500000,400000,200000,0
1,NV01,202302,PB01,CV01,TD03,CM03,20000000,500000,400000,200000,0
2,NV01,202303,PB01,CV01,TD03,CM03,50000000,500000,400000,200000,0
3,NV01,202304,PB01,CV01,TD03,CM03,20000000,500000,400000,200000,0
4,NV01,202305,PB01,CV01,TD03,CM03,15000000,500000,400000,200000,0
5,NV01,202306,PB01,CV01,TD03,CM03,15000000,500000,400000,200000,0
6,NV010,202301,PB09,CV10,TD05,CM03,50000000,500000,400000,200000,0
7,NV010,202302,PB09,CV10,TD05,CM03,50000000,500000,400000,200000,0
8,NV010,202303,PB09,CV10,TD05,CM03,10000000,500000,400000,200000,0
9,NV010,202304,PB09,CV10,TD05,CM03,10000000,500000,400000,200000,0
10,NV010,202305,PB09,CV10,TD05,CM03,20000000,500000,400000,200000,0
11,NV010,202306,PB09,CV10,TD05,CM03,15000000,500000,400000,200000,0
12,NV011,202301,PB05,CV11,TD02,CM04,20000000,500000,400000,200000,0
13,NV011,202302,PB05,CV11,TD02,CM04,50000000,500000,400000,200000,0
14,NV011,202303,PB05,CV11,TD02,CM04,20000000,500000,400000,200000,0
15,NV011,202304,PB05,CV11,TD02,CM04,50000000,500000,400000,200000,0
16,NV011,202305,PB05,CV11,TD02,CM04,10000000,500000,400000,200000,0
17,NV011,202306,PB05,CV11,TD02,CM04,50000000,500000,400000,200000,0
18,NV012,202301,PB05,CV11,TD02,CM01,15000000,500000,400000,200000,0
19,NV012,202302,PB05,CV11,TD02,CM01,50000000,500000,400000,200000,0
20,NV012,202303,PB05,CV11,TD02,CM01,10000000,500000,400000,200000,0
21,NV012,202304,PB05,CV11,TD02,CM01,10000000,500000,400000,200000,0
22,NV012,202305,PB05,CV11,TD02,CM01,10000000,500000,400000,200000,0
23,NV012,202306,PB05,CV11,TD02,CM01,50000000,500000,400000,200000,0
24,NV013,202301,PB05,CV11,TD02,CM04,15000000,500000,400000,200000,0
25,NV013,202302,PB05,CV11,TD02,CM04,10000000,500000,400000,200000,0
26,NV013,202303,PB05,CV11,TD02,CM04,50000000,500000,400000,200000,0
27,NV013,202304,PB05,CV11,TD02,CM04,50000000,500000,400000,200000,0
28,NV013,202305,PB05,CV11,TD02,CM04,10000000,500000,400000,200000,0
29,NV013,202306,PB05,CV11,TD02,CM04,20000000,500000,400000,200000,0
30,NV014,202301,PB05,CV11,TD01,CM01,50000000,500000,400000,200000,0
31,NV014,202302,PB05,CV11,TD01,CM01,20000000,500000,400000,200000,0
32,NV014,202303,PB05,CV11,TD01,CM01,10000000,500000,400000,200000,0
33,NV014,202304,PB05,CV11,TD01,CM01,15000000,500000,400000,200000,0
34,NV014,202305,PB05,CV11,TD01,CM01,10000000,500000,400000,200000,0
35,NV014,202306,PB05,CV11,TD01,CM01,20000000,500000,400000,200000,0
36,NV015,202301,PB05,CV11,TD05,CM03,20000000,500000,400000,200000,0
37,NV015,202302,PB05,CV11,TD05,CM03,10000000,500000,400000,200000,0
38,NV015,202303,PB05,CV11,TD05,CM03,20000000,500000,400000,200000,0
39,NV015,202304,PB05,CV11,TD05,CM03,15000000,500000,400000,200000,0
40,NV015,202305,PB05,CV11,TD05,CM03,50000000,500000,400000,200000,0
41,NV015,202306,PB05,CV11,TD05,CM03,20000000,500000,400000,200000,0
42,NV016,202301,PB05,CV11,TD04,CM03,15000000,500000,400000,200000,0
43,NV016,202302,PB05,CV11,TD04,CM03,15000000,500000,400000,200000,0
44,NV016,202303,PB05,CV11,TD04,CM03,20000000,500000,400000,200000,0
45,NV016,202304,PB05,CV11,TD04,CM03,20000000,500000,400000,200000,0
46,NV016,202305,PB05,CV11,TD04,CM03,20000000,500000,400000,200000,0
47,NV016,202306,PB05,CV11,TD04,CM03,50000000,500000,400000,200000,0
48,NV017,202301,PB05,CV11,TD04,CM01,20000000,500000,400000,200000,0
49,NV017,202302,PB05,CV11,TD04,CM01,10000000,500000,400000,200000,0
50,NV017,202303,PB05,CV11,TD04,CM01,15000000,500000,400000,200000,0
51,NV017,202304,PB05,CV11,TD04,CM01,10000000,500000,400000,200000,0
52,NV017,202305,PB05,CV11,TD04,CM01,50000000,500000,400000,200000,0
53,NV017,202306,PB05,CV11,TD04,CM01,20000000,500000,400000,200000,0
54,NV018,202301,PB05,CV11,TD04,CM03,20000000,500000,400000,200000,0
55,NV018,202302,PB05,CV11,TD04,CM03,50000000,500000,400000,200000,0
56,NV018,202303,PB05,CV11,TD04,CM03,50000000,500000,400000,200000,0
57,NV018,202304,PB05,CV11,TD04,CM03,50000000,500000,400000,200000,0
58,NV018,202305,PB05,CV11,TD04,CM03,50000000,500000,400000,200000,0
59,NV018,202306,PB05,CV11,TD04,CM03,50000000,500000,400000,200000,0
60,NV019,202301,PB05,CV11,TD01,CM03,10000000,500000,400000,200000,0
61,NV019,202302,PB05,CV11,TD01,CM03,10000000,500000,400000,200000,0
62,NV019,202303,PB05,CV11,TD01,CM03,50000000,500000,400000,200000,0
63,NV019,202304,PB05,CV11,TD01,CM03,15000000,500000,400000,200000,0
64,NV019,202305,PB05,CV11,TD01,CM03,15000000,500000,400000,200000,0
65,NV019,202306,PB05,CV11,TD01,CM03,10000000,500000,400000,200000,0
66,NV02,202301,PB01,CV02,TD01,CM02,50000000,500000,400000,200000,0
67,NV02,202302,PB01,CV02,TD01,CM02,10000000,500000,400000,200000,0
68,NV02,202303,PB01,CV02,TD01,CM02,15000000,500000,400000,200000,0
69,NV02,202304,PB01,CV02,TD01,CM02,20000000,500000,400000,200000,0
70,NV02,202305,PB01,CV02,TD01,CM02,20000000,500000,400000,200000,0
71,NV02,202306,PB01,CV02,TD01,CM02,10000000,500000,400000,200000,0
72,NV020,202301,PB05,CV11,TD02,CM02,15000000,500000,400000,200000,0
73,NV020,202302,PB05,CV11,TD02,CM02,10000000,500000,400000,200000,0
74,NV020,202303,PB05,CV11,TD02,CM02,15000000,500000,400000,200000,0
75,NV020,202304,PB05,CV11,TD02,CM02,50000000,500000,400000,200000,0
76,NV020,202305,PB05,CV11,TD02,CM02,10000000,500000,400000,200000,0
77,NV020,202306,PB05,CV11,TD02,CM02,15000000,500000,400000,200000,0
78,NV021,202301,PB05,CV11,TD01,CM03,15000000,500000,400000,200000,0
79,NV021,202302,PB05,CV11,TD01,CM03,15000000,500000,400000,200000,0
80,NV021,202303,PB05,CV11,TD01,CM03,50000000,500000,400000,200000,0
81,NV021,202304,PB05,CV11,TD01,CM03,10000000,500000,400000,200000,0
82,NV021,202305,PB05,CV11,TD01,CM03,20000000,500000,400000,200000,0
83,NV021,202306,PB05,CV11,TD01,CM03,10000000,500000,400000,200000,0
84,NV022,202301,PB05,CV11,TD05,CM01,50000000,500000,400000,200000,0
85,NV022,202302,PB05,CV11,TD05,CM01,15000000,500000,400000,200000,0
86,NV022,202303,PB05,CV11,TD05,CM01,50000000,500000,400000,200000,0
87,NV022,202304,PB05,CV11,TD05,CM01,20000000,500000,400000,200000,0
88,NV022,202305,PB05,CV11,TD05,CM01,15000000,500000,400000,200000,0
89,NV022,202306,PB05,CV11,TD05,CM01,15000000,500000,400000,200000,0
90,NV023,202301,PB05,CV11,TD04,CM04,20000000,500000,400000,200000,0
91,NV023,202302,PB05,CV11,TD04,CM04,15000000,500000,400000,200000,0
92,NV023,202303,PB05,CV11,TD04,CM04,15000000,500000,400000,200000,0
93,NV023,202304,PB05,CV11,TD04,CM04,50000000,500000,400000,200000,0
94,NV023,202305,PB05,CV11,TD04,CM04,20000000,500000,400000,200000,0
95,NV023,202306,PB05,CV11,TD04,CM04,20000000,500000,400000,200000,0
96,NV024,202301,PB05,CV11,TD02,CM02,15000000,500000,400000,200000,0
97,NV024,202302,PB05,CV11,TD02,CM02,50000000,500000,400000,200000,0
98,NV024,202303,PB05,CV11,TD02,CM02,50000000,500000,400000,200000,0
99,NV024,202304,PB05,CV11,TD02,CM02,10000000,500000,400000,200000,0
100,NV024,202305,PB05,CV11,TD02,CM02,10000000,500000,400000,200000,0
101,NV024,202306,PB05,CV11,TD02,CM02,10000000,500000,400000,200000,0
102,NV025,202301,PB05,CV11,TD05,CM03,15000000,500000,400000,200000,0
103,NV025,202302,PB05,CV11,TD05,CM03,20000000,500000,400000,200000,0
104,NV025,202303,PB05,CV11,TD05,CM03,15000000,500000,400000,200000,0
105,NV025,202304,PB05,CV11,TD05,CM03,50000000,500000,400000,200000,0
106,NV025,202305,PB05,CV11,TD05,CM03,20000000,500000,400000,200000,0
107,NV025,202306,PB05,CV11,TD05,CM03,20000000,500000,400000,200000,0
108,NV026,202301,PB05,CV11,TD05,CM02,50000000,500000,400000,200000,0
109,NV026,202302,PB05,CV11,TD05,CM02,50000000,500000,400000,200000,0
110,NV026,202303,PB05,CV11,TD05,CM02,20000000,500000,400000,200000,0
111,NV026,202304,PB05,CV11,TD05,CM02,50000000,500000,400000,200000,0
112,NV026,202305,PB05,CV11,TD05,CM02,50000000,500000,400000,200000,0
113,NV026,202306,PB05,CV11,TD05,CM02,20000000,500000,400000,200000,0
114,NV027,202301,PB05,CV11,TD02,CM04,50000000,500000,400000,200000,0
115,NV027,202302,PB05,CV11,TD02,CM04,15000000,500000,400000,200000,0
116,NV027,202303,PB05,CV11,TD02,CM04,15000000,500000,400000,200000,0
117,NV027,202304,PB05,CV11,TD02,CM04,20000000,500000,400000,200000,0
118,NV027,202305,PB05,CV11,TD02,CM04,50000000,500000,400000,200000,0
119,NV027,202306,PB05,CV11,TD02,CM04,15000000,500000,400000,200000,0
120,NV028,202301,PB05,CV11,TD05,CM01,50000000,500000,400000,200000,0
121,NV028,202302,PB05,CV11,TD05,CM01,50000000,500000,400000,200000,0
122,NV028,202303,PB05,CV11,TD05,CM01,20000000,500000,400000,200000,0
123,NV028,202304,PB05,CV11,TD05,CM01,50000000,500000,400000,200000,0
124,NV028,202305,PB05,CV11,TD05,CM01,50000000,500000,400000,200000,0
125,NV028,202306,PB05,CV11,TD05,CM01,20000000,500000,400000,200000,0
126,NV029,202301,PB05,CV12,TD02,CM03,20000000,500000,400000,200000,0
127,NV029,202302,PB05,CV12,TD02,CM03,50000000,500000,400000,200000,0
128,NV029,202303,PB05,CV12,TD02,CM03,10000000,500000,400000,200000,0
129,NV029,202304,PB05,CV12,TD02,CM03,20000000,500000,400000,200000,0
130,NV029,202305,PB05,CV12,TD02,CM03,50000000,500000,400000,200000,0
131,NV029,202306,PB05,CV12,TD02,CM03,10000000,500000,400000,200000,0
132,NV03,202301,PB03,CV03,TD02,CM03,50000000,500000,400000,200000,0
133,NV03,202302,PB03,CV03,TD02,CM03,50000000,500000,400000,200000,0
134,NV03,202303,PB03,CV03,TD02,CM03,20000000,500000,400000,200000,0
135,NV03,202304,PB03,CV03,TD02,CM03,50000000,500000,400000,200000,0
136,NV03,202305,PB03,CV03,TD02,CM03,20000000,500000,400000,200000,0
137,NV03,202306,PB03,CV03,TD02,CM03,10000000,500000,400000,200000,0
138,NV030,202301,PB05,CV12,TD04,CM01,10000000,500000,400000,200000,0
139,NV030,202302,PB05,CV12,TD04,CM01,15000000,500000,400000,200000,0
140,NV030,202303,PB05,CV12,TD04,CM01,10000000,500000,400000,200000,0
141,NV030,202304,PB05,CV12,TD04,CM01,10000000,500000,400000,200000,0
142,NV030,202305,PB05,CV12,TD04,CM01,50000000,500000,400000,200000,0
143,NV030,202306,PB05,CV12,TD04,CM01,20000000,500000,400000,200000,0
144,NV031,202301,PB05,CV12,TD04,CM02,10000000,500000,400000,200000,0
145,NV031,202302,PB05,CV12,TD04,CM02,15000000,500000,400000,200000,0
146,NV031,202303,PB05,CV12,TD04,CM02,15000000,500000,400000,200000,0
147,NV031,202304,PB05,CV12,TD04,CM02,20000000,500000,400000,200000,0
148,NV031,202305,PB05,CV12,TD04,CM02,15000000,500000,400000,200000,0
149,NV031,202306,PB05,CV12,TD04,CM02,10000000,500000,400000,200000,0
150,NV032,202301,PB05,CV12,TD05,CM04,50000000,500000,400000,200000,0
151,NV032,202302,PB05,CV12,TD05,CM04,10000000,500000,400000,200000,0
152,NV032,202303,PB05,CV12,TD05,CM04,10000000,500000,400000,200000,0
153,NV032,202304,PB05,CV12,TD05,CM04,50000000,500000,400000,200000,0
154,NV032,202305,PB05,CV12,TD05,CM04,20000000,500000,400000,200000,0
155,NV032,202306,PB05,CV12,TD05,CM04,15000000,500000,400000,200000,0
156,NV033,202301,PB05,CV12,TD03,CM02,10000000,500000,400000,200000,0
157,NV033,202302,PB05,CV12,TD03,CM02,20000000,500000,400000,200000,0
158,NV033,202303,PB05,CV12,TD03,CM02,15000000,500000,400000,200000,0
159,NV033,202304,PB05,CV12,TD03,CM02,20000000,500000,400000,200000,0
160,NV033,202305,PB05,CV12,TD03,CM02,15000000,500000,400000,200000,0
161,NV033,202306,PB05,CV12,TD03,CM02,50000000,500000,400000,200000,0
162,NV034,202301,PB05,CV12,TD01,CM03,10000000,500000,400000,200000,0
163,NV034,202302,PB05,CV12,TD01,CM03,15000000,500000,400000,200000,0
164,NV034,202303,PB05,CV12,TD01,CM03,15000000,500000,400000,200000,0
165,NV034,202304,PB05,CV12,TD01,CM03,20000000,500000,400000,200000,0
166,NV034,202305,PB05,CV12,TD01,CM03,10000000,500000,400000,200000,0
167,NV034,202306,PB05,CV12,TD01,CM03,20000000,500000,400000,200000,0
168,NV035,202301,PB05,CV12,TD03,CM04,50000000,500000,400000,200000,0
169,NV035,202302,PB05,CV12,TD03,CM04,10000000,500000,400000,200000,0
170,NV035,202303,PB05,CV12,TD03,CM04,50000000,500000,400000,200000,0
171,NV035,202304,PB05,CV12,TD03,CM04,20000000,500000,400000,200000,0
172,NV035,202305,PB05,CV12,TD03,CM04,20000000,500000,400000,200000,0
173,NV035,202306,PB05,CV12,TD03,CM04,15000000,500000,400000,200000,0
174,NV036,202301,PB05,CV12,TD02,CM01,10000000,500000,400000,200000,0
175,NV036,202302,PB05,CV12,TD02,CM01,20000000,500000,400000,200000,0
176,NV036,202303,PB05,CV12,TD02,CM01,20000000,500000,400000,200000,0
177,NV036,202304,PB05,CV12,TD02,CM01,10000000,500000,400000,200000,0
178,NV036,202305,PB05,CV12,TD02,CM01,10000000,500000,400000,200000,0
179,NV036,202306,PB05,CV12,TD02,CM01,15000000,500000,400000,200000,0
180,NV037,202301,PB05,CV12,TD01,CM04,50000000,500000,400000,200000,0
181,NV037,202302,PB05,CV12,TD01,CM04,50000000,500000,400000,200000,0
182,NV037,202303,PB05,CV12,TD01,CM04,10000000,500000,400000,200000,0
183,NV037,202304,PB05,CV12,TD01,CM04,10000000,500000,400000,200000,0
184,NV037,202305,PB05,CV12,TD01,CM04,50000000,500000,400000,200000,0
185,NV037,202306,PB05,CV12,TD01,CM04,10000000,500000,400000,200000,0
186,NV038,202301,PB06,CV19,TD05,CM04,20000000,500000,400000,200000,0
187,NV038,202302,PB06,CV19,TD05,CM04,15000000,500000,400000,200000,0
188,NV038,202303,PB06,CV19,TD05,CM04,15000000,500000,400000,200000,0
189,NV038,202304,PB06,CV19,TD05,CM04,10000000,500000,400000,200000,0
190,NV038,202305,PB06,CV19,TD05,CM04,20000000,500000,400000,200000,0
191,NV038,202306,PB06,CV19,TD05,CM04,15000000,500000,400000,200000,0
192,NV039,202301,PB06,CV19,TD01,CM02,15000000,500000,400000,200000,0
193,NV039,202302,PB06,CV19,TD01,CM02,10000000,500000,400000,200000,0
194,NV039,202303,PB06,CV19,TD01,CM02,20000000,500000,400000,200000,0
195,NV039,202304,PB06,CV19,TD01,CM02,50000000,500000,400000,200000,0
196,NV039,202305,PB06,CV19,TD01,CM02,10000000,500000,400000,200000,0
197,NV039,202306,PB06,CV19,TD01,CM02,15000000,500000,400000,200000,0
198,NV04,202301,PB05,CV04,TD01,CM03,10000000,500000,400000,200000,0
199,NV04,202302,PB05,CV04,TD01,CM03,10000000,500000,400000,200000,0
200,NV04,202303,PB05,CV04,TD01,CM03,15000000,500000,400000,200000,0
201,NV04,202304,PB05,CV04,TD01,CM03,20000000,500000,400000,200000,0
202,NV04,202305,PB05,CV04,TD01,CM03,50000000,500000,400000,200000,0
203,NV04,202306,PB05,CV04,TD01,CM03,15000000,500000,400000,200000,0
204,NV040,202301,PB06,CV19,TD03,CM01,20000000,500000,400000,200000,0
205,NV040,202302,PB06,CV19,TD03,CM01,50000000,500000,400000,200000,0
206,NV040,202303,PB06,CV19,TD03,CM01,10000000,500000,400000,200000,0
207,NV040,202304,PB06,CV19,TD03,CM01,15000000,500000,400000,200000,0
208,NV040,202305,PB06,CV19,TD03,CM01,10000000,500000,400000,200000,0
209,NV040,202306,PB06,CV19,TD03,CM01,50000000,500000,400000,200000,0
210,NV041,202301,PB06,CV19,TD03,CM04,50000000,500000,400000,200000,0
211,NV041,202302,PB06,CV19,TD03,CM04,10000000,500000,400000,200000,0
212,NV041,202303,PB06,CV19,TD03,CM04,20000000,500000,400000,200000,0
213,NV041,202304,PB06,CV19,TD03,CM04,50000000,500000,400000,200000,0
214,NV041,202305,PB06,CV19,TD03,CM04,50000000,500000,400000,200000,0
215,NV041,202306,PB06,CV19,TD03,CM04,15000000,500000,400000,200000,0
216,NV042,202301,PB06,CV19,TD01,CM02,20000000,500000,400000,200000,0
217,NV042,202302,PB06,CV19,TD01,CM02,50000000,500000,400000,200000,0
218,NV042,202303,PB06,CV19,TD01,CM02,20000000,500000,400000,200000,0
219,NV042,202304,PB06,CV19,TD01,CM02,10000000,500000,400000,200000,0
220,NV042,202305,PB06,CV19,TD01,CM02,50000000,500000,400000,200000,0
221,NV042,202306,PB06,CV19,TD01,CM02,20000000,500000,400000,200000,0
222,NV043,202301,PB06,CV19,TD03,CM03,20000000,500000,400000,200000,0
223,NV043,202302,PB06,CV19,TD03,CM03,10000000,500000,400000,200000,0
224,NV043,202303,PB06,CV19,TD03,CM03,10000000,500000,400000,200000,0
225,NV043,202304,PB06,CV19,TD03,CM03,15000000,500000,400000,200000,0
226,NV043,202305,PB06,CV19,TD03,CM03,10000000,500000,400000,200000,0
227,NV043,202306,PB06,CV19,TD03,CM03,10000000,500000,400000,200000,0
228,NV044,202301,PB03,CV13,TD02,CM04,20000000,500000,400000,200000,0
229,NV044,202302,PB03,CV13,TD02,CM04,50000000,500000,400000,200000,0
230,NV044,202303,PB03,CV13,TD02,CM04,50000000,500000,400000,200000,0
231,NV044,202304,PB03,CV13,TD02,CM04,10000000,500000,400000,200000,0
232,NV044,202305,PB03,CV13,TD02,CM04,15000000,500000,400000,200000,0
233,NV044,202306,PB03,CV13,TD02,CM04,10000000,500000,400000,200000,0
234,NV045,202301,PB03,CV13,TD05,CM03,10000000,500000,400000,200000,0
235,NV045,202302,PB03,CV13,TD05,CM03,15000000,500000,400000,200000,0
236,NV045,202303,PB03,CV13,TD05,CM03,50000000,500000,400000,200000,0
237,NV045,202304,PB03,CV13,TD05,CM03,50000000,500000,400000,200000,0
238,NV045,202305,PB03,CV13,TD05,CM03,20000000,500000,400000,200000,0
239,NV045,202306,PB03,CV13,TD05,CM03,15000000,500000,400000,200000,0
240,NV046,202301,PB03,CV13,TD02,CM01,20000000,500000,400000,200000,0
241,NV046,202302,PB03,CV13,TD02,CM01,10000000,500000,400000,200000,0
242,NV046,202303,PB03,CV13,TD02,CM01,20000000,500000,400000,200000,0
243,NV046,202304,PB03,CV13,TD02,CM01,10000000,500000,400000,200000,0
244,NV046,202305,PB03,CV13,TD02,CM01,20000000,500000,400000,200000,0
245,NV046,202306,PB03,CV13,TD02,CM01,15000000,500000,400000,200000,0
246,NV047,202301,PB04,CV06,TD02,CM01,10000000,500000,400000,200000,0
247,NV047,202302,PB04,CV06,TD02,CM01,15000000,500000,400000,200000,0
248,NV047,202303,PB04,CV06,TD02,CM01,10000000,500000,400000,200000,0
249,NV047,202304,PB04,CV06,TD02,CM01,50000000,500000,400000,200000,0
250,NV047,202305,PB04,CV06,TD02,CM01,10000000,500000,400000,200000,0
251,NV047,202306,PB04,CV06,TD02,CM01,20000000,500000,400000,200000,0
252,NV048,202301,PB04,CV06,TD04,CM02,15000000,500000,400000,200000,0
253,NV048,202302,PB04,CV06,TD04,CM02,10000000,500000,400000,200000,0
254,NV048,202303,PB04,CV06,TD04,CM02,50000000,500000,400000,200000,0
255,NV048,202304,PB04,CV06,TD04,CM02,50000000,500000,400000,200000,0
256,NV048,202305,PB04,CV06,TD04,CM02,15000000,500000,400000,200000,0
257,NV048,202306,PB04,CV06,TD04,CM02,20000000,500000,400000,200000,0
258,NV049,202301,PB07,CV15,TD05,CM01,20000000,500000,400000,200000,0
259,NV049,202302,PB07,CV15,TD05,CM01,20000000,500000,400000,200000,0
260,NV049,202303,PB07,CV15,TD05,CM01,20000000,500000,400000,200000,0
261,NV049,202304,PB07,CV15,TD05,CM01,10000000,500000,400000,200000,0
262,NV049,202305,PB07,CV15,TD05,CM01,20000000,500000,400000,200000,0
263,NV049,202306,PB07,CV15,TD05,CM01,50000000,500000,400000,200000,0
264,NV05,202301,PB06,CV05,TD03,CM01,15000000,500000,400000,200000,0
265,NV05,202302,PB06,CV05,TD03,CM01,15000000,500000,400000,200000,0
266,NV05,202303,PB06,CV05,TD03,CM01,10000000,500000,400000,200000,0
267,NV05,202304,PB06,CV05,TD03,CM01,15000000,500000,400000,200000,0
268,NV05,202305,PB06,CV05,TD03,CM01,10000000,500000,400000,200000,0
269,NV05,202306,PB06,CV05,TD03,CM01,20000000,500000,400000,200000,0
270,NV050,202301,PB07,CV15,TD04,CM04,20000000,500000,400000,200000,0
271,NV050,202302,PB07,CV15,TD04,CM04,20000000,500000,400000,200000,0
272,NV050,202303,PB07,CV15,TD04,CM04,10000000,500000,400000,200000,0
273,NV050,202304,PB07,CV15,TD04,CM04,15000000,500000,400000,200000,0
274,NV050,202305,PB07,CV15,TD04,CM04,15000000,500000,400000,200000,0
275,NV050,202306,PB07,CV15,TD04,CM04,50000000,500000,400000,200000,0
276,NV051,202301,PB07,CV15,TD05,CM02,15000000,500000,400000,200000,0
277,NV051,202302,PB07,CV15,TD05,CM02,10000000,500000,400000,200000,0
278,NV051,202303,PB07,CV15,TD05,CM02,50000000,500000,400000,200000,0
279,NV051,202304,PB07,CV15,TD05,CM02,15000000,500000,400000,200000,0
280,NV051,202305,PB07,CV15,TD05,CM02,20000000,500000,400000,200000,0
281,NV051,202306,PB07,CV15,TD05,CM02,10000000,500000,400000,200000,0
282,NV052,202301,PB07,CV15,TD01,CM04,20000000,500000,400000,200000,0
283,NV052,202302,PB07,CV15,TD01,CM04,15000000,500000,400000,200000,0
284,NV052,202303,PB07,CV15,TD01,CM04,10000000,500000,400000,200000,0
285,NV052,202304,PB07,CV15,TD01,CM04,15000000,500000,400000,200000,0
286,NV052,202305,PB07,CV15,TD01,CM04,10000000,500000,400000,200000,0
287,NV052,202306,PB07,CV15,TD01,CM04,50000000,500000,400000,200000,0
288,NV053,202301,PB07,CV15,TD05,CM03,10000000,500000,400000,200000,0
289,NV053,202302,PB07,CV15,TD05,CM03,15000000,500000,400000,200000,0
290,NV053,202303,PB07,CV15,TD05,CM03,10000000,500000,400000,200000,0
291,NV053,202304,PB07,CV15,TD05,CM03,10000000,500000,400000,200000,0
292,NV053,202305,PB07,CV15,TD05,CM03,10000000,500000,400000,200000,0
293,NV053,202306,PB07,CV15,TD05,CM03,10000000,500000,400000,200000,0
294,NV054,202301,PB07,CV15,TD03,CM03,20000000,500000,400000,200000,0
295,NV054,202302,PB07,CV15,TD03,CM03,10000000,500000,400000,200000,0
296,NV054,202303,PB07,CV15,TD03,CM03,20000000,500000,400000,200000,0
297,NV054,202304,PB07,CV15,TD03,CM03,50000000,500000,400000,200000,0
298,NV054,202305,PB07,CV15,TD03,CM03,20000000,500000,400000,200000,0
299,NV054,202306,PB07,CV15,TD03,CM03,10000000,500000,400000,200000,0
300,NV055,202301,PB02,CV16,TD03,CM04,50000000,500000,400000,200000,0
301,NV055,202302,PB02,CV16,TD03,CM04,10000000,500000,400000,200000,0
302,NV055,202303,PB02,CV16,TD03,CM04,20000000,500000,400000,200000,0
303,NV055,202304,PB02,CV16,TD03,CM04,15000000,500000,400000,200000,0
304,NV055,202305,PB02,CV16,TD03,CM04,20000000,500000,400000,200000,0
305,NV055,202306,PB02,CV16,TD03,CM04,50000000,500000,400000,200000,0
306,NV056,202301,PB02,CV16,TD05,CM01,20000000,500000,400000,200000,0
307,NV056,202302,PB02,CV16,TD05,CM01,10000000,500000,400000,200000,0
308,NV056,202303,PB02,CV16,TD05,CM01,15000000,500000,400000,200000,0
309,NV056,202304,PB02,CV16,TD05,CM01,50000000,500000,400000,200000,0
310,NV056,202305,PB02,CV16,TD05,CM01,10000000,500000,400000,200000,0
311,NV056,202306,PB02,CV16,TD05,CM01,15000000,500000,400000,200000,0
312,NV057,202301,PB02,CV16,TD01,CM03,50000000,500000,400000,200000,0
313,NV057,202302,PB02,CV16,TD01,CM03,10000000,500000,400000,200000,0
314,NV057,202303,PB02,CV16,TD01,CM03,15000000,500000,400000,200000,0
315,NV057,202304,PB02,CV16,TD01,CM03,50000000,500000,400000,200000,0
316,NV057,202305,PB02,CV16,TD01,CM03,10000000,500000,400000,200000,0
317,NV057,202306,PB02,CV16,TD01,CM03,20000000,500000,400000,200000,0
318,NV058,202301,PB02,CV16,TD02,CM02,50000000,500000,400000,200000,0
319,NV058,202302,PB02,CV16,TD02,CM02,10000000,500000,400000,200000,0
320,NV058,202303,PB02,CV16,TD02,CM02,20000000,500000,400000,200000,0
321,NV058,202304,PB02,CV16,TD02,CM02,15000000,500000,400000,200000,0
322,NV058,202305,PB02,CV16,TD02,CM02,10000000,500000,400000,200000,0
323,NV058,202306,PB02,CV16,TD02,CM02,15000000,500000,400000,200000,0
324,NV059,202301,PB02,CV16,TD05,CM02,10000000,500000,400000,200000,0
325,NV059,202302,PB02,CV16,TD05,CM02,50000000,500000,400000,200000,0
326,NV059,202303,PB02,CV16,TD05,CM02,10000000,500000,400000,200000,0
327,NV059,202304,PB02,CV16,TD05,CM02,10000000,500000,400000,200000,0
328,NV059,202305,PB02,CV16,TD05,CM02,15000000,500000,400000,200000,0
329,NV059,202306,PB02,CV16,TD05,CM02,15000000,500000,400000,200000,0
330,NV06,202301,PB04,CV06,TD04,CM04,15000000,500000,400000,200000,0
331,NV06,202302,PB04,CV06,TD04,CM04,20000000,500000,400000,200000,0
332,NV06,202303,PB04,CV06,TD04,CM04,15000000,500000,400000,200000,0
333,NV06,202304,PB04,CV06,TD04,CM04,10000000,500000,400000,200000,0
334,NV06,202305,PB04,CV06,TD04,CM04,20000000,500000,400000,200000,0
335,NV06,202306,PB04,CV06,TD04,CM04,20000000,500000,400000,200000,0
336,NV060,202301,PB02,CV16,TD04,CM04,10000000,500000,400000,200000,0
337,NV060,202302,PB02,CV16,TD04,CM04,20000000,500000,400000,200000,0
338,NV060,202303,PB02,CV16,TD04,CM04,10000000,500000,400000,200000,0
339,NV060,202304,PB02,CV16,TD04,CM04,10000000,500000,400000,200000,0
340,NV060,202305,PB02,CV16,TD04,CM04,20000000,500000,400000,200000,0
341,NV060,202306,PB02,CV16,TD04,CM04,20000000,500000,400000,200000,0
342,NV061,202301,PB02,CV16,TD02,CM03,20000000,500000,400000,200000,0
343,NV061,202302,PB02,CV16,TD02,CM03,15000000,500000,400000,200000,0
344,NV061,202303,PB02,CV16,TD02,CM03,10000000,500000,400000,200000,0
345,NV061,202304,PB02,CV16,TD02,CM03,20000000,500000,400000,200000,0
346,NV061,202305,PB02,CV16,TD02,CM03,50000000,500000,400000,200000,0
347,NV061,202306,PB02,CV16,TD02,CM03,10000000,500000,400000,200000,0
348,NV062,202301,PB02,CV16,TD01,CM03,50000000,500000,400000,200000,0
349,NV062,202302,PB02,CV16,TD01,CM03,15000000,500000,400000,200000,0
350,NV062,202303,PB02,CV16,TD01,CM03,20000000,500000,400000,200000,0
351,NV062,202304,PB02,CV16,TD01,CM03,15000000,500000,400000,200000,0
352,NV062,202305,PB02,CV16,TD01,CM03,50000000,500000,400000,200000,0
353,NV062,202306,PB02,CV16,TD01,CM03,20000000,500000,400000,200000,0
354,NV063,202301,PB02,CV16,TD04,CM04,10000000,500000,400000,200000,0
355,NV063,202302,PB02,CV16,TD04,CM04,20000000,500000,400000,200000,0
356,NV063,202303,PB02,CV16,TD04,CM04,10000000,500000,400000,200000,0
357,NV063,202304,PB02,CV16,TD04,CM04,10000000,500000,400000,200000,0
358,NV063,202305,PB02,CV16,TD04,CM04,10000000,500000,400000,200000,0
359,NV063,202306,PB02,CV16,TD04,CM04,20000000,500000,400000,200000,0
360,NV064,202301,PB02,CV16,TD02,CM04,20000000,500000,400000,200000,0
361,NV064,202302,PB02,CV16,TD02,CM04,20000000,500000,400000,200000,0
362,NV064,202303,PB02,CV16,TD02,CM04,20000000,500000,400000,200000,0
363,NV064,202304,PB02,CV16,TD02,CM04,20000000,500000,400000,200000,0
364,NV064,202305,PB02,CV16,TD02,CM04,50000000,500000,400000,200000,0
365,NV064,202306,PB02,CV16,TD02,CM04,15000000,500000,400000,200000,0
366,NV065,202301,PB02,CV16,TD04,CM03,15000000,500000,400000,200000,0
367,NV065,202302,PB02,CV16,TD04,CM03,20000000,500000,400000,200000,0
368,NV065,202303,PB02,CV16,TD04,CM03,50000000,500000,400000,200000,0
369,NV065,202304,PB02,CV16,TD04,CM03,20000000,500000,400000,200000,0
370,NV065,202305,PB02,CV16,TD04,CM03,10000000,500000,400000,200000,0
371,NV065,202306,PB02,CV16,TD04,CM03,20000000,500000,400000,200000,0
372,NV066,202301,PB02,CV16,TD03,CM03,10000000,500000,400000,200000,0
373,NV066,202302,PB02,CV16,TD03,CM03,20000000,500000,400000,200000,0
374,NV066,202303,PB02,CV16,TD03,CM03,50000000,500000,400000,200000,0
375,NV066,202304,PB02,CV16,TD03,CM03,15000000,500000,400000,200000,0
376,NV066,202305,PB02,CV16,TD03,CM03,50000000,500000,400000,200000,0
377,NV066,202306,PB02,CV16,TD03,CM03,10000000,500000,400000,200000,0
378,NV067,202301,PB02,CV16,TD03,CM03,15000000,500000,400000,200000,0
379,NV067,202302,PB02,CV16,TD03,CM03,20000000,500000,400000,200000,0
380,NV067,202303,PB02,CV16,TD03,CM03,50000000,500000,400000,200000,0
381,NV067,202304,PB02,CV16,TD03,CM03,10000000,500000,400000,200000,0
382,NV067,202305,PB02,CV16,TD03,CM03,15000000,500000,400000,200000,0
383,NV067,202306,PB02,CV16,TD03,CM03,15000000,500000,400000,200000,0
384,NV068,202301,PB02,CV16,TD05,CM02,50000000,500000,400000,200000,0
385,NV068,202302,PB02,CV16,TD05,CM02,15000000,500000,400000,200000,0
386,NV068,202303,PB02,CV16,TD05,CM02,20000000,500000,400000,200000,0
387,NV068,202304,PB02,CV16,TD05,CM02,15000000,500000,400000,200000,0
388,NV068,202305,PB02,CV16,TD05,CM02,20000000,500000,400000,200000,0
389,NV068,202306,PB02,CV16,TD05,CM02,10000000,500000,400000,200000,0
390,NV069,202301,PB02,CV16,TD02,CM02,50000000,500000,400000,200000,0
391,NV069,202302,PB02,CV16,TD02,CM02,20000000,500000,400000,200000,0
392,NV069,202303,PB02,CV16,TD02,CM02,15000000,500000,400000,200000,0
393,NV069,202304,PB02,CV16,TD02,CM02,50000000,500000,400000,200000,0
394,NV069,202305,PB02,CV16,TD02,CM02,20000000,500000,400000,200000,0
395,NV069,202306,PB02,CV16,TD02,CM02,20000000,500000,400000,200000,0
396,NV07,202301,PB07,CV07,TD04,CM02,20000000,500000,400000,200000,0
397,NV07,202302,PB07,CV07,TD04,CM02,50000000,500000,400000,200000,0
398,NV07,202303,PB07,CV07,TD04,CM02,50000000,500000,400000,200000,0
399,NV07,202304,PB07,CV07,TD04,CM02,20000000,500000,400000,200000,0
400,NV07,202305,PB07,CV07,TD04,CM02,15000000,500000,400000,200000,0
401,NV07,202306,PB07,CV07,TD04,CM02,15000000,500000,400000,200000,0
402,NV070,202301,PB02,CV16,TD01,CM03,50000000,500000,400000,200000,0
403,NV070,202302,PB02,CV16,TD01,CM03,10000000,500000,400000,200000,0
404,NV070,202303,PB02,CV16,TD01,CM03,15000000,500000,400000,200000,0
405,NV070,202304,PB02,CV16,TD01,CM03,20000000,500000,400000,200000,0
406,NV070,202305,PB02,CV16,TD01,CM03,10000000,500000,400000,200000,0
407,NV070,202306,PB02,CV16,TD01,CM03,20000000,500000,400000,200000,0
408,NV071,202301,PB02,CV16,TD01,CM03,50000000,500000,400000,200000,0
409,NV071,202302,PB02,CV16,TD01,CM03,20000000,500000,400000,200000,0
410,NV071,202303,PB02,CV16,TD01,CM03,15000000,500000,400000,200000,0
411,NV071,202304,PB02,CV16,TD01,CM03,15000000,500000,400000,200000,0
412,NV071,202305,PB02,CV16,TD01,CM03,15000000,500000,400000,200000,0
413,NV071,202306,PB02,CV16,TD01,CM03,15000000,500000,400000,200000,0
414,NV072,202301,PB02,CV16,TD04,CM04,10000000,500000,400000,200000,0
415,NV072,202302,PB02,CV16,TD04,CM04,50000000,500000,400000,200000,0
416,NV072,202303,PB02,CV16,TD04,CM04,15000000,500000,400000,200000,0
417,NV072,202304,PB02,CV16,TD04,CM04,20000000,500000,400000,200000,0
418,NV072,202305,PB02,CV16,TD04,CM04,10000000,500000,400000,200000,0
419,NV072,202306,PB02,CV16,TD04,CM04,50000000,500000,400000,200000,0
420,NV073,202301,PB02,CV16,TD04,CM03,15000000,500000,400000,200000,0
421,NV073,202302,PB02,CV16,TD04,CM03,15000000,500000,400000,200000,0
422,NV073,202303,PB02,CV16,TD04,CM03,15000000,500000,400000,200000,0
423,NV073,202304,PB02,CV16,TD04,CM03,15000000,500000,400000,200000,0
424,NV073,202305,PB02,CV16,TD04,CM03,20000000,500000,400000,200000,0
425,NV073,202306,PB02,CV16,TD04,CM03,15000000,500000,400000,200000,0
426,NV074,202301,PB02,CV16,TD04,CM03,10000000,500000,400000,200000,0
427,NV074,202302,PB02,CV16,TD04,CM03,10000000,500000,400000,200000,0
428,NV074,202303,PB02,CV16,TD04,CM03,50000000,500000,400000,200000,0
429,NV074,202304,PB02,CV16,TD04,CM03,10000000,500000,400000,200000,0
430,NV074,202305,PB02,CV16,TD04,CM03,20000000,500000,400000,200000,0
431,NV074,202306,PB02,CV16,TD04,CM03,15000000,500000,400000,200000,0
432,NV075,202301,PB02,CV16,TD01,CM02,50000000,500000,400000,200000,0
433,NV075,202302,PB02,CV16,TD01,CM02,50000000,500000,400000,200000,0
434,NV075,202303,PB02,CV16,TD01,CM02,50000000,500000,400000,200000,0
435,NV075,202304,PB02,CV16,TD01,CM02,50000000,500000,400000,200000,0
436,NV075,202305,PB02,CV16,TD01,CM02,15000000,500000,400000,200000,0
437,NV075,202306,PB02,CV16,TD01,CM02,10000000,500000,400000,200000,0
438,NV076,202301,PB02,CV16,TD04,CM04,20000000,500000,400000,200000,0
439,NV076,202302,PB02,CV16,TD04,CM04,50000000,500000,400000,200000,0
440,NV076,202303,PB02,CV16,TD04,CM04,10000000,500000,400000,200000,0
441,NV076,202304,PB02,CV16,TD04,CM04,20000000,500000,400000,200000,0
442,NV076,202305,PB02,CV16,TD04,CM04,10000000,500000,400000,200000,0
443,NV076,202306,PB02,CV16,TD04,CM04,50000000,500000,400000,200000,0
444,NV077,202301,PB02,CV16,TD01,CM01,10000000,500000,400000,200000,0
445,NV077,202302,PB02,CV16,TD01,CM01,10000000,500000,400000,200000,0
446,NV077,202303,PB02,CV16,TD01,CM01,15000000,500000,400000,200000,0
447,NV077,202304,PB02,CV16,TD01,CM01,20000000,500000,400000,200000,0
448,NV077,202305,PB02,CV16,TD01,CM01,10000000,500000,400000,200000,0
449,NV077,202306,PB02,CV16,TD01,CM01,10000000,500000,400000,200000,0
450,NV078,202301,PB02,CV16,TD01,CM04,10000000,500000,400000,200000,0
451,NV078,202302,PB02,CV16,TD01,CM04,50000000,500000,400000,200000,0
452,NV078,202303,PB02,CV16,TD01,CM04,10000000,500000,400000,200000,0
453,NV078,202304,PB02,CV16,TD01,CM04,50000000,500000,400000,200000,0
454,NV078,202305,PB02,CV16,TD01,CM04,50000000,500000,400000,200000,0
455,NV078,202306,PB02,CV16,TD01,CM04,20000000,500000,400000,200000,0
456,NV079,202301,PB02,CV16,TD05,CM02,20000000,500000,400000,200000,0
457,NV079,202302,PB02,CV16,TD05,CM02,50000000,500000,400000,200000,0
458,NV079,202303,PB02,CV16,TD05,CM02,50000000,500000,400000,200000,0
459,NV079,202304,PB02,CV16,TD05,CM02,20000000,500000,400000,200000,0
460,NV079,202305,PB02,CV16,TD05,CM02,50000000,500000,400000,200000,0
461,NV079,202306,PB02,CV16,TD05,CM02,15000000,500000,400000,200000,0
462,NV08,202301,PB02,CV08,TD01,CM04,10000000,500000,400000,200000,0
463,NV08,202302,PB02,CV08,TD01,CM04,50000000,500000,400000,200000,0
464,NV08,202303,PB02,CV08,TD01,CM04,20000000,500000,400000,200000,0
465,NV08,202304,PB02,CV08,TD01,CM04,10000000,500000,400000,200000,0
466,NV08,202305,PB02,CV08,TD01,CM04,20000000,500000,400000,200000,0
467,NV08,202306,PB02,CV08,TD01,CM04,20000000,500000,400000,200000,0
468,NV080,202301,PB02,CV16,TD03,CM04,15000000,500000,400000,200000,0
469,NV080,202302,PB02,CV16,TD03,CM04,20000000,500000,400000,200000,0
470,NV080,202303,PB02,CV16,TD03,CM04,50000000,500000,400000,200000,0
471,NV080,202304,PB02,CV16,TD03,CM04,50000000,500000,400000,200000,0
472,NV080,202305,PB02,CV16,TD03,CM04,50000000,500000,400000,200000,0
473,NV080,202306,PB02,CV16,TD03,CM04,50000000,500000,400000,200000,0
474,NV081,202301,PB02,CV16,TD02,CM02,15000000,500000,400000,200000,0
475,NV081,202302,PB02,CV16,TD02,CM02,10000000,500000,400000,200000,0
476,NV081,202303,PB02,CV16,TD02,CM02,15000000,500000,400000,200000,0
477,NV081,202304,PB02,CV16,TD02,CM02,50000000,500000,400000,200000,0
478,NV081,202305,PB02,CV16,TD02,CM02,50000000,500000,400000,200000,0
479,NV081,202306,PB02,CV16,TD02,CM02,15000000,500000,400000,200000,0
480,NV082,202301,PB09,CV17,TD03,CM02,50000000,500000,400000,200000,0
481,NV082,202302,PB09,CV17,TD03,CM02,15000000,500000,400000,200000,0
482,NV082,202303,PB09,CV17,TD03,CM02,50000000,500000,400000,200000,0
483,NV082,202304,PB09,CV17,TD03,CM02,20000000,500000,400000,200000,0
484,NV082,202305,PB09,CV17,TD03,CM02,10000000,500000,400000,200000,0
485,NV082,202306,PB09,CV17,TD03,CM02,15000000,500000,400000,200000,0
486,NV083,202301,PB09,CV17,TD01,CM01,50000000,500000,400000,200000,0
487,NV083,202302,PB09,CV17,TD01,CM01,20000000,500000,400000,200000,0
488,NV083,202303,PB09,CV17,TD01,CM01,20000000,500000,400000,200000,0
489,NV083,202304,PB09,CV17,TD01,CM01,20000000,500000,400000,200000,0
490,NV083,202305,PB09,CV17,TD01,CM01,20000000,500000,400000,200000,0
491,NV083,202306,PB09,CV17,TD01,CM01,15000000,500000,400000,200000,0
492,NV084,202301,PB09,CV17,TD03,CM04,10000000,500000,400000,200000,0
493,NV084,202302,PB09,CV17,TD03,CM04,10000000,500000,400000,200000,0
494,NV084,202303,PB09,CV17,TD03,CM04,10000000,500000,400000,200000,0
495,NV084,202304,PB09,CV17,TD03,CM04,50000000,500000,400000,200000,0
496,NV084,202305,PB09,CV17,TD03,CM04,20000000,500000,400000,200000,0
497,NV084,202306,PB09,CV17,TD03,CM04,10000000,500000,400000,200000,0
498,NV085,202301,PB09,CV17,TD03,CM02,20000000,500000,400000,200000,0
499,NV085,202302,PB09,CV17,TD03,CM02,10000000,500000,400000,200000,0
500,NV085,202303,PB09,CV17,TD03,CM02,15000000,500000,400000,200000,0
501,NV085,202304,PB09,CV17,TD03,CM02,10000000,500000,400000,200000,0
502,NV085,202305,PB09,CV17,TD03,CM02,15000000,500000,400000,200000,0
503,NV085,202306,PB09,CV17,TD03,CM02,15000000,500000,400000,200000,0
504,NV086,202301,PB09,CV17,TD04,CM04,10000000,500000,400000,200000,0
505,NV086,202302,PB09,CV17,TD04,CM04,10000000,500000,400000,200000,0
506,NV086,202303,PB09,CV17,TD04,CM04,10000000,500000,400000,200000,0
507,NV086,202304,PB09,CV17,TD04,CM04,20000000,500000,400000,200000,0
508,NV086,202305,PB09,CV17,TD04,CM04,15000000,500000,400000,200000,0
509,NV086,202306,PB09,CV17,TD04,CM04,20000000,500000,400000,200000,0
510,NV087,202301,PB09,CV17,TD03,CM03,15000000,500000,400000,200000,0
511,NV087,202302,PB09,CV17,TD03,CM03,10000000,500000,400000,200000,0
512,NV087,202303,PB09,CV17,TD03,CM03,20000000,500000,400000,200000,0
513,NV087,202304,PB09,CV17,TD03,CM03,50000000,500000,400000,200000,0
514,NV087,202305,PB09,CV17,TD03,CM03,50000000,500000,400000,200000,0
515,NV087,202306,PB09,CV17,TD03,CM03,10000000,500000,400000,200000,0
516,NV088,202301,PB09,CV17,TD04,CM01,15000000,500000,400000,200000,0
517,NV088,202302,PB09,CV17,TD04,CM01,10000000,500000,400000,200000,0
518,NV088,202303,PB09,CV17,TD04,CM01,20000000,500000,400000,200000,0
519,NV088,202304,PB09,CV17,TD04,CM01,15000000,500000,400000,200000,0
520,NV088,202305,PB09,CV17,TD04,CM01,10000000,500000,400000,200000,0
521,NV088,202306,PB09,CV17,TD04,CM01,10000000,500000,400000,200000,0
522,NV089,202301,PB09,CV17,TD01,CM02,20000000,500000,400000,200000,0
523,NV089,202302,PB09,CV17,TD01,CM02,15000000,500000,400000,200000,0
524,NV089,202303,PB09,CV17,TD01,CM02,15000000,500000,400000,200000,0
525,NV089,202304,PB09,CV17,TD01,CM02,50000000,500000,400000,200000,0
526,NV089,202305,PB09,CV17,TD01,CM02,10000000,500000,400000,200000,0
527,NV089,202306,PB09,CV17,TD01,CM02,20000000,500000,400000,200000,0
528,NV09,202301,PB08,CV09,TD05,CM01,20000000,500000,400000,200000,0
529,NV09,202302,PB08,CV09,TD05,CM01,10000000,500000,400000,200000,0
530,NV09,202303,PB08,CV09,TD05,CM01,10000000,500000,400000,200000,0
531,NV09,202304,PB08,CV09,TD05,CM01,20000000,500000,400000,200000,0
532,NV09,202305,PB08,CV09,TD05,CM01,50000000,500000,400000,200000,0
533,NV09,202306,PB08,CV09,TD05,CM01,20000000,500000,400000,200000,0
534,NV090,202301,PB09,CV17,TD01,CM01,15000000,500000,400000,200000,0
535,NV090,202302,PB09,CV17,TD01,CM01,15000000,500000,400000,200000,0
536,NV090,202303,PB09,CV17,TD01,CM01,15000000,500000,400000,200000,0
537,NV090,202304,PB09,CV17,TD01,CM01,50000000,500000,400000,200000,0
538,NV090,202305,PB09,CV17,TD01,CM01,50000000,500000,400000,200000,0
539,NV090,202306,PB09,CV17,TD01,CM01,10000000,500000,400000,200000,0
540,NV091,202301,PB09,CV17,TD04,CM02,15000000,500000,400000,200000,0
541,NV091,202302,PB09,CV17,TD04,CM02,50000000,500000,400000,200000,0
542,NV091,202303,PB09,CV17,TD04,CM02,50000000,500000,400000,200000,0
543,NV091,202304,PB09,CV17,TD04,CM02,15000000,500000,400000,200000,0
544,NV091,202305,PB09,CV17,TD04,CM02,20000000,500000,400000,200000,0
545,NV091,202306,PB09,CV17,TD04,CM02,10000000,500000,400000,200000,0
546,NV092,202301,PB09,CV17,TD01,CM04,15000000,500000,400000,200000,0
547,NV092,202302,PB09,CV17,TD01,CM04,10000000,500000,400000,200000,0
548,NV092,202303,PB09,CV17,TD01,CM04,50000000,500000,400000,200000,0
549,NV092,202304,PB09,CV17,TD01,CM04,15000000,500000,400000,200000,0
550,NV092,202305,PB09,CV17,TD01,CM04,20000000,500000,400000,200000,0
551,NV092,202306,PB09,CV17,TD01,CM04,10000000,500000,400000,200000,0
552,NV093,202301,PB08,CV18,TD02,CM03,50000000,500000,400000,200000,0
553,NV093,202302,PB08,CV18,TD02,CM03,10000000,500000,400000,200000,0
554,NV093,202303,PB08,CV18,TD02,CM03,15000000,500000,400000,200000,0
555,NV093,202304,PB08,CV18,TD02,CM03,50000000,500000,400000,200000,0
556,NV093,202305,PB08,CV18,TD02,CM03,10000000,500000,400000,200000,0
557,NV093,202306,PB08,CV18,TD02,CM03,10000000,500000,400000,200000,0
558,NV094,202301,PB08,CV18,TD01,CM02,20000000,500000,400000,200000,0
559,NV094,202302,PB08,CV18,TD01,CM02,10000000,500000,400000,200000,0
560,NV094,202303,PB08,CV18,TD01,CM02,15000000,500000,400000,200000,0
561,NV094,202304,PB08,CV18,TD01,CM02,10000000,500000,400000,200000,0
562,NV094,202305,PB08,CV18,TD01,CM02,15000000,500000,400000,200000,0
563,NV094,202306,PB08,CV18,TD01,CM02,20000000,500000,400000,200000,0
564,NV095,202301,PB08,CV18,TD04,CM03,10000000,500000,400000,200000,0
565,NV095,202302,PB08,CV18,TD04,CM03,50000000,500000,400000,200000,0
566,NV095,202303,PB08,CV18,TD04,CM03,20000000,500000,400000,200000,0
567,NV095,202304,PB08,CV18,TD04,CM03,20000000,500000,400000,200000,0
568,NV095,202305,PB08,CV18,TD04,CM03,10000000,500000,400000,200000,0
569,NV095,202306,PB08,CV18,TD04,CM03,10000000,500000,400000,200000,0
570,NV096,202301,PB08,CV18,TD01,CM02,15000000,500000,400000,200000,0
571,NV096,202302,PB08,CV18,TD01,CM02,50000000,500000,400000,200000,0
572,NV096,202303,PB08,CV18,TD01,CM02,20000000,500000,400000,200000,0
573,NV096,202304,PB08,CV18,TD01,CM02,15000000,500000,400000,200000,0
574,NV096,202305,PB08,CV18,TD01,CM02,50000000,500000,400000,200000,0
575,NV096,202306,PB08,CV18,TD01,CM02,50000000,500000,400000,200000,0
576,NV097,202301,PB08,CV18,TD04,CM03,10000000,500000,400000,200000,0
577,NV097,202302,PB08,CV18,TD04,CM03,10000000,500000,400000,200000,0
578,NV097,202303,PB08,CV18,TD04,CM03,15000000,500000,400000,200000,0
579,NV097,202304,PB08,CV18,TD04,CM03,20000000,500000,400000,200000,0
580,NV097,202305,PB08,CV18,TD04,CM03,50000000,500000,400000,200000,0
581,NV097,202306,PB08,CV18,TD04,CM03,50000000,500000,400000,200000,0
582,NV098,202301,PB08,CV18,TD05,CM04,15000000,500000,400000,200000,0
583,NV098,202302,PB08,CV18,TD05,CM04,15000000,500000,400000,200000,0
584,NV098,202303,PB08,CV18,TD05,CM04,50000000,500000,400000,200000,0
585,NV098,202304,PB08,CV18,TD05,CM04,20000000,500000,400000,200000,0
586,NV098,202305,PB08,CV18,TD05,CM04,50000000,500000,400000,200000,0
587,NV098,202306,PB08,CV18,TD05,CM04,15000000,500000,400000,200000,0
